order_id,product_id,quantity,price,total_price
1,63019af0cfbe57f02aa468fd,2,1583,15831583
1,62dbf9762dd27153fa1165c3,2,1306,13061306
1,62dbf9762dd27153fa11654d,3,1009,100910091009
1,63019af0cfbe57f02aa468ff,3,1054,105410541054
1,63019af0cfbe57f02aa468f5,4,698,698698698698
2,62fe9e991045919477a1bcca,3,911,911911911
2,62dbf9762dd27153fa11659b,1,989,989
2,62dbf9762dd27153fa11657d,3,707,707707707
3,63019af0cfbe57f02aa468f0,4,1148,1148114811481148
3,62dbf9762dd27153fa1165af,1,1038,1038
3,62fe9e991045919477a1bcc2,2,1560,15601560
4,62dbf9762dd27153fa1165c0,4,798,798798798798
4,62dbf9762dd27153fa116548,5,524,524524524524524
5,62dbf9762dd27153fa116566,2,451,451451
5,62dbf9762dd27153fa11653f,5,614,614614614614614
5,62dbf9762dd27153fa116588,3,945,945945945
5,62dbf9762dd27153fa1165c6,5,419,419419419419419
5,62dbf9762dd27153fa116562,3,1689,168916891689
6,63019af0cfbe57f02aa468fb,2,275,275275
7,62dbf9762dd27153fa11656a,5,505,505505505505505
7,62dbf9762dd27153fa1165d6,3,1145,114511451145
7,62dbf9762dd27153fa116590,4,1984,1984198419841984
7,62dbf9762dd27153fa11659b,1,989,989
8,62dbf9762dd27153fa116597,5,823,823823823823823
8,62dbf9762dd27153fa11659f,2,448,448448
8,62dbf9762dd27153fa1165db,1,661,661
8,62dbf9762dd27153fa116583,3,176,176176176
9,62dbf9762dd27153fa116580,2,1927,19271927
9,63019af0cfbe57f02aa468fb,5,275,275275275275275
9,62dbf9762dd27153fa1165b9,1,525,525
10,62dbf9762dd27153fa11658f,1,1169,1169
11,62dbf9762dd27153fa116558,5,606,606606606606606
12,62dbf9762dd27153fa116538,1,1185,1185
13,63019af0cfbe57f02aa468fa,3,381,381381381
13,62dbf9762dd27153fa11655b,4,925,925925925925
13,62dbf9762dd27153fa11655a,4,912,912912912912
14,62dbf9762dd27153fa116562,5,1689,16891689168916891689
14,62fe9e991045919477a1bccd,4,897,897897897897
15,62dbf9762dd27153fa1165bd,5,575,575575575575575
15,62dbf9762dd27153fa116562,1,1689,1689
15,62dbf9762dd27153fa11658c,4,371,371371371371
15,62dbf9762dd27153fa1165e1,3,345,345345345
15,62dbf9762dd27153fa116563,3,925,925925925
16,63019af0cfbe57f02aa468f2,3,610,610610610
17,62dbf9762dd27153fa1165b3,1,1432,1432
17,62dbf9762dd27153fa1165a6,2,784,784784
17,62dbf9762dd27153fa116548,1,524,524
18,63019af0cfbe57f02aa468f9,1,1508,1508
19,62dbf9762dd27153fa11654d,4,1009,1009100910091009
19,62fe9e991045919477a1bcca,5,911,911911911911911
20,62dbf9762dd27153fa116593,4,593,593593593593
20,62dbf9762dd27153fa116537,2,578,578578
20,62dbf9762dd27153fa116596,4,577,577577577577
21,62dbf9762dd27153fa11653d,3,490,490490490
21,62dbf9762dd27153fa11653b,5,1092,10921092109210921092
21,62fe9e991045919477a1bcc9,2,1311,13111311
22,62dbf9762dd27153fa116552,1,255,255
22,62dbf9762dd27153fa116553,1,273,273
23,62dbf9762dd27153fa116549,1,681,681
23,62dbf9762dd27153fa11653c,3,683,683683683
23,62dbf9762dd27153fa116546,2,651,651651
23,62dbf9762dd27153fa116542,4,1882,1882188218821882
23,62dbf9762dd27153fa11655e,1,327,327
24,62dbf9762dd27153fa1165cf,2,940,940940
24,63019af0cfbe57f02aa468ff,1,1054,1054
24,62dbf9762dd27153fa1165cb,2,414,414414
25,62dbf9762dd27153fa116547,4,1552,1552155215521552
25,62dbf9762dd27153fa116550,2,1287,12871287
25,62dbf9762dd27153fa11658c,3,371,371371371
25,62dbf9762dd27153fa1165be,1,701,701
26,62dbf9762dd27153fa1165b1,2,214,214214
26,62dbf9762dd27153fa116565,4,131,131131131131
26,62dbf9762dd27153fa116556,2,717,717717
26,62dbf9762dd27153fa1165bf,5,305,305305305305305
27,62dbf9762dd27153fa1165c9,4,882,882882882882
27,63019af0cfbe57f02aa468f4,4,1528,1528152815281528
27,62dbf9762dd27153fa1165dc,1,1248,1248
27,62dbf9762dd27153fa116564,2,784,784784
28,62dbf9762dd27153fa116596,3,577,577577577
29,62dbf9762dd27153fa11654e,4,446,446446446446
30,62dbf9762dd27153fa1165b8,1,137,137
31,62dbf9762dd27153fa11658f,2,1169,11691169
31,62dbf9762dd27153fa1165a5,4,174,174174174174
31,62dbf9762dd27153fa11654f,1,644,644
31,62dbf9762dd27153fa1165db,5,661,661661661661661
31,62dbf9762dd27153fa1165a7,1,1058,1058
32,62dbf9762dd27153fa1165b7,5,214,214214214214214
32,62fe9e991045919477a1bcc2,5,1560,15601560156015601560
32,62dbf9762dd27153fa1165b5,5,796,796796796796796
32,63019af0cfbe57f02aa468fa,2,381,381381
33,62dbf9762dd27153fa1165b7,1,214,214
34,62dbf9762dd27153fa1165d9,3,101,101101101
34,62dbf9762dd27153fa1165bd,2,575,575575
34,62dbf9762dd27153fa116583,1,176,176
34,62dbf9762dd27153fa116555,4,256,256256256256
34,62dbf9762dd27153fa1165de,4,497,497497497497
35,62dbf9762dd27153fa11655a,4,912,912912912912
36,62dbf9762dd27153fa116537,1,578,578
36,62dbf9762dd27153fa1165e8,3,726,726726726
36,62dbf9762dd27153fa1165c8,4,624,624624624624
37,62dbf9762dd27153fa1165ea,5,436,436436436436436
38,62dbf9762dd27153fa1165eb,3,1081,108110811081
39,63019af0cfbe57f02aa468f0,5,1148,11481148114811481148
39,62dbf9762dd27153fa1165ec,2,889,889889
39,62dbf9762dd27153fa116599,1,491,491
40,62dbf9762dd27153fa11655c,4,1907,1907190719071907
41,62dbf9762dd27153fa1165e4,1,842,842
41,62dbf9762dd27153fa11658a,2,1009,10091009
42,62fe9e991045919477a1bcce,5,694,694694694694694
42,62dbf9762dd27153fa1165a6,3,784,784784784
43,62dbf9762dd27153fa1165c7,2,433,433433
44,62fe9e991045919477a1bcc8,4,1572,1572157215721572
45,62fe9e991045919477a1bcc2,5,1560,15601560156015601560
45,62dbf9762dd27153fa116582,1,1592,1592
45,62dbf9762dd27153fa1165b3,2,1432,14321432
46,62fe9e991045919477a1bccd,4,897,897897897897
46,62dbf9762dd27153fa1165d9,3,101,101101101
46,62dbf9762dd27153fa1165e0,5,1609,16091609160916091609
46,62dbf9762dd27153fa1165be,1,701,701
47,62dbf9762dd27153fa1165ca,1,1406,1406
47,62dbf9762dd27153fa11654c,1,346,346
47,62dbf9762dd27153fa1165e2,3,436,436436436
47,63019af0cfbe57f02aa468fd,2,1583,15831583
48,62dbf9762dd27153fa11659e,1,628,628
48,62dbf9762dd27153fa11655c,2,1907,19071907
49,62dbf9762dd27153fa1165f2,3,1590,159015901590
49,62dbf9762dd27153fa1165c5,2,1581,15811581
50,62dbf9762dd27153fa11653f,2,614,614614
50,63019af0cfbe57f02aa468ff,1,1054,1054
50,62dbf9762dd27153fa1165b2,2,403,403403
50,62fe9e991045919477a1bcc8,1,1572,1572
51,62dbf9762dd27153fa1165a7,3,1058,105810581058
51,62dbf9762dd27153fa116538,2,1185,11851185
51,62dbf9762dd27153fa1165f1,4,737,737737737737
51,62dbf9762dd27153fa1165eb,1,1081,1081
52,62dbf9762dd27153fa1165ba,2,1968,19681968
52,63019af0cfbe57f02aa468f5,2,698,698698
52,62dbf9762dd27153fa1165ee,1,993,993
52,63019af0cfbe57f02aa468fb,4,275,275275275275
53,62dbf9762dd27153fa1165ba,4,1968,1968196819681968
53,62dbf9762dd27153fa1165c4,5,829,829829829829829
53,62dbf9762dd27153fa1165c6,4,419,419419419419
54,62dbf9762dd27153fa1165ab,1,174,174
54,62dbf9762dd27153fa116536,1,383,383
54,62dbf9762dd27153fa1165af,1,1038,1038
54,62dbf9762dd27153fa116540,5,621,621621621621621
54,62dbf9762dd27153fa116540,2,621,621621
55,62dbf9762dd27153fa11656a,5,505,505505505505505
56,62dbf9762dd27153fa1165df,2,774,774774
56,62dbf9762dd27153fa116561,4,808,808808808808
56,62dbf9762dd27153fa1165e5,3,329,329329329
57,63019af0cfbe57f02aa468fb,2,275,275275
57,62dbf9762dd27153fa116581,5,78,7878787878
57,62dbf9762dd27153fa1165a5,2,174,174174
58,62dbf9762dd27153fa116569,1,2002,2002
58,62dbf9762dd27153fa1165ab,2,174,174174
58,62dbf9762dd27153fa1165e0,5,1609,16091609160916091609
58,62dbf9762dd27153fa116593,5,593,593593593593593
58,62dbf9762dd27153fa1165b5,4,796,796796796796
59,62dbf9762dd27153fa11655d,3,365,365365365
59,62dbf9762dd27153fa1165cd,5,1525,15251525152515251525
60,62dbf9762dd27153fa1165af,3,1038,103810381038
61,62fe9e991045919477a1bccc,4,848,848848848848
62,62dbf9762dd27153fa11656a,1,505,505
62,62dbf9762dd27153fa1165ab,4,174,174174174174
62,62fe9e991045919477a1bcc8,3,1572,157215721572
62,62dbf9762dd27153fa1165b6,2,998,998998
62,62dbf9762dd27153fa1165cb,5,414,414414414414414
63,62dbf9762dd27153fa1165b9,3,525,525525525
63,62dbf9762dd27153fa1165d2,4,464,464464464464
63,62dbf9762dd27153fa1165af,1,1038,1038
64,62dbf9762dd27153fa1165e5,3,329,329329329
64,62dbf9762dd27153fa1165ee,5,993,993993993993993
65,62dbf9762dd27153fa1165ab,4,174,174174174174
65,62dbf9762dd27153fa116555,2,256,256256
65,62dbf9762dd27153fa11655c,5,1907,19071907190719071907
65,62dbf9762dd27153fa116583,1,176,176
66,62dbf9762dd27153fa116549,1,681,681
66,62dbf9762dd27153fa116561,1,808,808
66,62dbf9762dd27153fa1165e5,3,329,329329329
67,62dbf9762dd27153fa1165a4,3,131,131131131
67,62dbf9762dd27153fa116541,3,1258,125812581258
68,62dbf9762dd27153fa11654e,2,446,446446
68,63019af0cfbe57f02aa468f0,3,1148,114811481148
68,62fe9e991045919477a1bcc8,5,1572,15721572157215721572
69,62dbf9762dd27153fa116593,1,593,593
70,62dbf9762dd27153fa116599,5,491,491491491491491
70,62dbf9762dd27153fa11655a,4,912,912912912912
70,62dbf9762dd27153fa116551,3,1236,123612361236
70,62dbf9762dd27153fa116563,1,925,925
71,63019af0cfbe57f02aa468f6,1,1057,1057
71,63019af0cfbe57f02aa468fb,5,275,275275275275275
71,62dbf9762dd27153fa11654b,3,1417,141714171417
71,62dbf9762dd27153fa1165ad,4,359,359359359359
72,62dbf9762dd27153fa1165e9,1,980,980
72,62dbf9762dd27153fa1165bc,4,146,146146146146
73,62dbf9762dd27153fa116568,3,599,599599599
73,63019af0cfbe57f02aa468f7,4,1137,1137113711371137
73,62fe9e991045919477a1bcc3,2,1860,18601860
74,62dbf9762dd27153fa1165d6,5,1145,11451145114511451145
74,62dbf9762dd27153fa116583,5,176,176176176176176
74,62dbf9762dd27153fa116550,1,1287,1287
74,62dbf9762dd27153fa1165ae,4,1321,1321132113211321
75,62dbf9762dd27153fa116540,3,621,621621621
75,62dbf9762dd27153fa116598,5,885,885885885885885
75,62dbf9762dd27153fa1165cc,5,1935,19351935193519351935
75,62dbf9762dd27153fa1165e9,1,980,980
75,62dbf9762dd27153fa1165ed,2,1484,14841484
76,62dbf9762dd27153fa11658e,1,406,406
76,62dbf9762dd27153fa1165e2,2,436,436436
76,62dbf9762dd27153fa1165db,4,661,661661661661
76,62dbf9762dd27153fa11656b,1,1367,1367
76,62dbf9762dd27153fa11656b,2,1367,13671367
77,62fe9e991045919477a1bcc7,2,1283,12831283
77,62dbf9762dd27153fa116598,2,885,885885
77,62dbf9762dd27153fa1165ca,4,1406,1406140614061406
77,62dbf9762dd27153fa116543,2,1593,15931593
77,62dbf9762dd27153fa116560,5,910,910910910910910
78,62dbf9762dd27153fa1165b1,5,214,214214214214214
78,62dbf9762dd27153fa116599,3,491,491491491
78,62dbf9762dd27153fa1165c7,2,433,433433
79,62dbf9762dd27153fa11654e,4,446,446446446446
79,63019af0cfbe57f02aa468ff,4,1054,1054105410541054
79,62dbf9762dd27153fa1165c1,4,1405,1405140514051405
79,62dbf9762dd27153fa1165d6,4,1145,1145114511451145
80,62dbf9762dd27153fa1165d4,1,800,800
80,62dbf9762dd27153fa116568,5,599,599599599599599
81,62dbf9762dd27153fa116537,1,578,578
82,62dbf9762dd27153fa116597,4,823,823823823823
82,62dbf9762dd27153fa1165b1,3,214,214214214
82,63019af0cfbe57f02aa468f2,2,610,610610
82,62dbf9762dd27153fa1165c7,3,433,433433433
82,62dbf9762dd27153fa1165b6,3,998,998998998
83,62dbf9762dd27153fa11655c,5,1907,19071907190719071907
83,62dbf9762dd27153fa1165d1,4,637,637637637637
83,62dbf9762dd27153fa116587,5,496,496496496496496
83,62dbf9762dd27153fa116599,3,491,491491491
83,62dbf9762dd27153fa1165c5,1,1581,1581
84,62dbf9762dd27153fa1165dc,4,1248,1248124812481248
84,62fe9e991045919477a1bcca,2,911,911911
84,62dbf9762dd27153fa116539,4,1963,1963196319631963
84,63019af0cfbe57f02aa468fd,1,1583,1583
85,62dbf9762dd27153fa11653d,4,490,490490490490
85,62dbf9762dd27153fa1165b2,5,403,403403403403403
85,62dbf9762dd27153fa1165e3,4,905,905905905905
85,62dbf9762dd27153fa1165a0,3,786,786786786
85,63019af0cfbe57f02aa468fe,4,954,954954954954
86,62dbf9762dd27153fa1165d8,2,179,179179
86,62dbf9762dd27153fa1165aa,5,361,361361361361361
86,62dbf9762dd27153fa1165e1,3,345,345345345
87,63019af0cfbe57f02aa468f3,1,1019,1019
87,62dbf9762dd27153fa11653a,5,670,670670670670670
87,62dbf9762dd27153fa1165c8,2,624,624624
87,62dbf9762dd27153fa1165dd,3,557,557557557
87,62dbf9762dd27153fa1165a7,4,1058,1058105810581058
88,62dbf9762dd27153fa116551,3,1236,123612361236
88,62dbf9762dd27153fa116564,3,784,784784784
89,62dbf9762dd27153fa1165c7,4,433,433433433433
89,62dbf9762dd27153fa11657f,4,2069,2069206920692069
89,62fe9e991045919477a1bcc6,3,1057,105710571057
89,62dbf9762dd27153fa1165a5,4,174,174174174174
89,63019af0cfbe57f02aa468f5,5,698,698698698698698
90,62dbf9762dd27153fa116589,4,623,623623623623
90,62dbf9762dd27153fa1165c9,2,882,882882
90,62dbf9762dd27153fa1165a6,1,784,784
91,62dbf9762dd27153fa1165b2,5,403,403403403403403
91,62dbf9762dd27153fa116541,5,1258,12581258125812581258
91,62dbf9762dd27153fa11659a,1,1212,1212
91,62dbf9762dd27153fa11654f,1,644,644
92,62dbf9762dd27153fa1165c7,1,433,433
92,62dbf9762dd27153fa11656c,3,1828,182818281828
92,62dbf9762dd27153fa1165ab,4,174,174174174174
92,62fe9e991045919477a1bcc1,4,552,552552552552
92,62fe9e991045919477a1bcc5,4,830,830830830830
93,62dbf9762dd27153fa1165ab,2,174,174174
93,62dbf9762dd27153fa116563,1,925,925
93,62dbf9762dd27153fa1165dc,2,1248,12481248
93,62dbf9762dd27153fa1165c7,3,433,433433433
94,62fe9e991045919477a1bcc7,2,1283,12831283
94,62dbf9762dd27153fa11658e,5,406,406406406406406
95,63019af0cfbe57f02aa468fe,5,954,954954954954954
95,62dbf9762dd27153fa11655a,1,912,912
95,62dbf9762dd27153fa116599,1,491,491
95,62dbf9762dd27153fa11658c,5,371,371371371371371
96,63019af0cfbe57f02aa468fb,2,275,275275
96,62dbf9762dd27153fa11653e,5,1847,18471847184718471847
97,62dbf9762dd27153fa1165b5,4,796,796796796796
98,63019af0cfbe57f02aa468f3,1,1019,1019
99,62dbf9762dd27153fa116556,3,717,717717717
99,62dbf9762dd27153fa1165ba,3,1968,196819681968
99,63019af0cfbe57f02aa468f0,3,1148,114811481148
100,62dbf9762dd27153fa11658c,3,371,371371371
101,62fe9e991045919477a1bccf,4,177,177177177177
102,62dbf9762dd27153fa1165d6,4,1145,1145114511451145
102,62dbf9762dd27153fa116593,1,593,593
103,62dbf9762dd27153fa11658c,4,371,371371371371
103,63019af0cfbe57f02aa468f8,1,888,888
103,62dbf9762dd27153fa1165dd,5,557,557557557557557
104,62dbf9762dd27153fa1165e1,3,345,345345345
104,62dbf9762dd27153fa11655c,3,1907,190719071907
104,62dbf9762dd27153fa116580,1,1927,1927
104,62dbf9762dd27153fa116552,4,255,255255255255
104,62dbf9762dd27153fa116554,5,529,529529529529529
105,62dbf9762dd27153fa116550,1,1287,1287
105,62fe9e991045919477a1bcca,1,911,911
105,62dbf9762dd27153fa11654d,2,1009,10091009
106,62dbf9762dd27153fa11658b,2,1214,12141214
106,62dbf9762dd27153fa116546,5,651,651651651651651
106,62fe9e991045919477a1bccb,3,725,725725725
107,62dbf9762dd27153fa116568,1,599,599
107,62dbf9762dd27153fa1165b2,4,403,403403403403
107,62dbf9762dd27153fa116586,4,357,357357357357
107,62dbf9762dd27153fa11658a,4,1009,1009100910091009
108,62dbf9762dd27153fa1165be,4,701,701701701701
109,62dbf9762dd27153fa1165bb,2,1208,12081208
109,62dbf9762dd27153fa1165c4,1,829,829
109,62dbf9762dd27153fa11655f,2,284,284284
109,62fe9e991045919477a1bccc,4,848,848848848848
109,62dbf9762dd27153fa1165ad,2,359,359359
110,62dbf9762dd27153fa116596,4,577,577577577577
110,62dbf9762dd27153fa1165d6,4,1145,1145114511451145
110,62dbf9762dd27153fa116537,4,578,578578578578
110,62dbf9762dd27153fa1165ea,4,436,436436436436
111,62dbf9762dd27153fa11654a,5,1707,17071707170717071707
111,62dbf9762dd27153fa116538,4,1185,1185118511851185
112,62dbf9762dd27153fa11655e,4,327,327327327327
112,63019af0cfbe57f02aa468fd,2,1583,15831583
112,62dbf9762dd27153fa11657f,2,2069,20692069
113,62dbf9762dd27153fa1165ea,3,436,436436436
113,62dbf9762dd27153fa11657f,5,2069,20692069206920692069
113,62dbf9762dd27153fa116562,3,1689,168916891689
113,62dbf9762dd27153fa1165ee,5,993,993993993993993
114,62dbf9762dd27153fa1165a6,1,784,784
114,63019af0cfbe57f02aa468fe,3,954,954954954
115,63019af0cfbe57f02aa468fe,1,954,954
115,62dbf9762dd27153fa1165a4,1,131,131
115,62dbf9762dd27153fa11659d,3,863,863863863
116,62dbf9762dd27153fa11653c,1,683,683
116,62dbf9762dd27153fa11654f,5,644,644644644644644
116,62dbf9762dd27153fa116561,2,808,808808
116,62dbf9762dd27153fa1165ec,3,889,889889889
116,62dbf9762dd27153fa1165dd,1,557,557
117,62dbf9762dd27153fa116567,5,267,267267267267267
117,62dbf9762dd27153fa1165ee,3,993,993993993
117,62dbf9762dd27153fa11657f,4,2069,2069206920692069
117,62dbf9762dd27153fa116585,1,483,483
118,63019af0cfbe57f02aa468f7,5,1137,11371137113711371137
118,62dbf9762dd27153fa116549,5,681,681681681681681
118,62dbf9762dd27153fa1165a0,5,786,786786786786786
118,62dbf9762dd27153fa1165b8,5,137,137137137137137
119,62dbf9762dd27153fa11654f,3,644,644644644
119,62dbf9762dd27153fa116543,2,1593,15931593
119,62dbf9762dd27153fa1165cf,4,940,940940940940
119,62dbf9762dd27153fa116563,5,925,925925925925925
119,62dbf9762dd27153fa1165c4,3,829,829829829
120,62dbf9762dd27153fa116567,4,267,267267267267
120,62dbf9762dd27153fa1165e4,1,842,842
120,62dbf9762dd27153fa116540,5,621,621621621621621
120,62dbf9762dd27153fa11655e,3,327,327327327
121,62dbf9762dd27153fa1165db,3,661,661661661
121,62dbf9762dd27153fa1165ed,3,1484,148414841484
122,62dbf9762dd27153fa1165cb,3,414,414414414
122,62dbf9762dd27153fa11658a,5,1009,10091009100910091009
122,62dbf9762dd27153fa116537,3,578,578578578
122,62dbf9762dd27153fa116559,5,332,332332332332332
122,62dbf9762dd27153fa116569,4,2002,2002200220022002
123,62dbf9762dd27153fa116553,4,273,273273273273
123,62dbf9762dd27153fa1165dd,4,557,557557557557
124,62dbf9762dd27153fa116558,4,606,606606606606
124,62dbf9762dd27153fa1165b6,2,998,998998
124,63019af0cfbe57f02aa468f0,2,1148,11481148
125,62fe9e991045919477a1bcd0,5,1959,19591959195919591959
125,62dbf9762dd27153fa116541,5,1258,12581258125812581258
126,62dbf9762dd27153fa1165af,2,1038,10381038
126,62dbf9762dd27153fa1165a6,2,784,784784
127,62dbf9762dd27153fa1165b9,5,525,525525525525525
127,62dbf9762dd27153fa116538,5,1185,11851185118511851185
127,62dbf9762dd27153fa1165db,4,661,661661661661
127,62dbf9762dd27153fa1165c4,4,829,829829829829
128,63019af0cfbe57f02aa468f3,5,1019,10191019101910191019
128,62dbf9762dd27153fa116582,3,1592,159215921592
128,62dbf9762dd27153fa1165ca,2,1406,14061406
129,62fe9e991045919477a1bcc9,2,1311,13111311
129,63019af0cfbe57f02aa468f1,3,649,649649649
129,63019af0cfbe57f02aa468f8,4,888,888888888888
130,62dbf9762dd27153fa11655a,1,912,912
130,62fe9e991045919477a1bccb,4,725,725725725725
130,62dbf9762dd27153fa116581,3,78,787878
130,62dbf9762dd27153fa116567,2,267,267267
131,62dbf9762dd27153fa1165dd,5,557,557557557557557
131,62fe9e991045919477a1bcc2,2,1560,15601560
131,62dbf9762dd27153fa1165e5,1,329,329
132,62dbf9762dd27153fa116596,1,577,577
132,62dbf9762dd27153fa116557,1,1517,1517
132,62fe9e991045919477a1bcc4,4,776,776776776776
133,62dbf9762dd27153fa1165aa,5,361,361361361361361
134,62dbf9762dd27153fa116582,5,1592,15921592159215921592
135,62dbf9762dd27153fa116537,1,578,578
135,62dbf9762dd27153fa11659e,3,628,628628628
135,62dbf9762dd27153fa11658e,5,406,406406406406406
135,62dbf9762dd27153fa116592,3,208,208208208
136,62dbf9762dd27153fa116549,4,681,681681681681
136,63019af0cfbe57f02aa468f3,2,1019,10191019
136,62fe9e991045919477a1bcc9,2,1311,13111311
136,62dbf9762dd27153fa1165a3,3,753,753753753
136,62dbf9762dd27153fa116594,4,166,166166166166
137,62fe9e991045919477a1bccd,4,897,897897897897
138,62dbf9762dd27153fa116547,3,1552,155215521552
138,62dbf9762dd27153fa11653f,2,614,614614
138,63019af0cfbe57f02aa468fa,3,381,381381381
138,62dbf9762dd27153fa116596,2,577,577577
138,62dbf9762dd27153fa1165a9,3,1368,136813681368
139,62dbf9762dd27153fa1165ad,3,359,359359359
139,62dbf9762dd27153fa1165cb,4,414,414414414414
139,62fe9e991045919477a1bcc9,4,1311,1311131113111311
140,62fe9e991045919477a1bcc5,5,830,830830830830830
140,63019af0cfbe57f02aa468f8,5,888,888888888888888
140,62dbf9762dd27153fa116556,3,717,717717717
140,62dbf9762dd27153fa11659f,2,448,448448
140,62dbf9762dd27153fa11655b,2,925,925925
141,62dbf9762dd27153fa1165cd,2,1525,15251525
141,62dbf9762dd27153fa1165a5,5,174,174174174174174
141,62dbf9762dd27153fa116553,4,273,273273273273
141,62dbf9762dd27153fa1165e6,2,1956,19561956
142,63019af0cfbe57f02aa468f8,1,888,888
142,62dbf9762dd27153fa1165df,4,774,774774774774
142,62dbf9762dd27153fa1165df,2,774,774774
143,62dbf9762dd27153fa1165b9,2,525,525525
143,62dbf9762dd27153fa116541,4,1258,1258125812581258
143,62dbf9762dd27153fa11659b,2,989,989989
143,62dbf9762dd27153fa1165cd,3,1525,152515251525
143,63019af0cfbe57f02aa468fa,4,381,381381381381
144,62dbf9762dd27153fa116586,1,357,357
145,62dbf9762dd27153fa11653c,4,683,683683683683
145,62dbf9762dd27153fa116551,5,1236,12361236123612361236
145,63019af0cfbe57f02aa468f4,2,1528,15281528
145,63019af0cfbe57f02aa468fa,5,381,381381381381381
146,62dbf9762dd27153fa116556,3,717,717717717
146,62dbf9762dd27153fa1165c3,5,1306,13061306130613061306
146,62dbf9762dd27153fa1165ce,2,870,870870
146,62dbf9762dd27153fa1165f2,4,1590,1590159015901590
146,62dbf9762dd27153fa11655e,3,327,327327327
147,62dbf9762dd27153fa1165e2,3,436,436436436
147,62dbf9762dd27153fa11659f,3,448,448448448
148,62dbf9762dd27153fa1165e3,1,905,905
149,62dbf9762dd27153fa1165ac,4,1320,1320132013201320
149,62dbf9762dd27153fa1165b1,1,214,214
149,62dbf9762dd27153fa1165bd,2,575,575575
149,62dbf9762dd27153fa1165d4,3,800,800800800
149,63019af0cfbe57f02aa468f3,2,1019,10191019
150,62dbf9762dd27153fa1165e4,2,842,842842
150,62dbf9762dd27153fa1165bf,4,305,305305305305
150,62dbf9762dd27153fa1165ed,2,1484,14841484
150,62dbf9762dd27153fa1165bb,2,1208,12081208
151,62dbf9762dd27153fa1165a4,4,131,131131131131
152,62dbf9762dd27153fa116546,1,651,651
152,62dbf9762dd27153fa11658f,4,1169,1169116911691169
152,62fe9e991045919477a1bcc7,4,1283,1283128312831283
152,62dbf9762dd27153fa1165ce,3,870,870870870
152,62dbf9762dd27153fa1165dc,2,1248,12481248
153,62dbf9762dd27153fa1165aa,2,361,361361
153,63019af0cfbe57f02aa468f1,3,649,649649649
153,62dbf9762dd27153fa1165d8,5,179,179179179179179
153,62dbf9762dd27153fa1165cc,3,1935,193519351935
153,62dbf9762dd27153fa1165c9,4,882,882882882882
154,62dbf9762dd27153fa116568,3,599,599599599
154,62dbf9762dd27153fa1165ed,1,1484,1484
154,62dbf9762dd27153fa116547,1,1552,1552
155,62dbf9762dd27153fa1165ee,2,993,993993
155,62dbf9762dd27153fa1165de,1,497,497
156,62dbf9762dd27153fa1165ce,4,870,870870870870
157,62dbf9762dd27153fa11657d,5,707,707707707707707
157,62dbf9762dd27153fa11658f,3,1169,116911691169
158,62dbf9762dd27153fa116557,4,1517,1517151715171517
159,63019af0cfbe57f02aa468f5,4,698,698698698698
160,63019af0cfbe57f02aa468f1,5,649,649649649649649
160,62dbf9762dd27153fa116549,3,681,681681681
161,62dbf9762dd27153fa116564,3,784,784784784
161,62dbf9762dd27153fa116599,2,491,491491
161,62dbf9762dd27153fa116587,3,496,496496496
161,62dbf9762dd27153fa11655b,2,925,925925
161,62dbf9762dd27153fa1165b8,4,137,137137137137
162,62dbf9762dd27153fa116541,5,1258,12581258125812581258
163,62dbf9762dd27153fa1165b2,3,403,403403403
163,62dbf9762dd27153fa116597,3,823,823823823
163,62dbf9762dd27153fa11653b,1,1092,1092
164,63019af0cfbe57f02aa468fb,4,275,275275275275
164,62dbf9762dd27153fa116589,1,623,623
164,62dbf9762dd27153fa11657f,3,2069,206920692069
164,62dbf9762dd27153fa11653c,1,683,683
164,62dbf9762dd27153fa1165be,3,701,701701701
165,62dbf9762dd27153fa1165e7,1,73,73
165,62dbf9762dd27153fa11658c,4,371,371371371371
165,63019af0cfbe57f02aa468f9,4,1508,1508150815081508
165,62dbf9762dd27153fa1165a0,1,786,786
165,62dbf9762dd27153fa1165ab,3,174,174174174
166,62dbf9762dd27153fa1165c9,2,882,882882
166,62dbf9762dd27153fa1165d4,5,800,800800800800800
166,62dbf9762dd27153fa1165b4,4,1650,1650165016501650
167,62dbf9762dd27153fa116558,4,606,606606606606
167,62dbf9762dd27153fa1165ad,2,359,359359
167,62dbf9762dd27153fa116590,4,1984,1984198419841984
167,62dbf9762dd27153fa116581,4,78,78787878
168,62dbf9762dd27153fa1165eb,2,1081,10811081
169,62dbf9762dd27153fa11654b,1,1417,1417
169,62dbf9762dd27153fa116556,5,717,717717717717717
169,62fe9e991045919477a1bcc6,2,1057,10571057
169,62dbf9762dd27153fa1165b6,5,998,998998998998998
169,62dbf9762dd27153fa11653e,4,1847,1847184718471847
170,62dbf9762dd27153fa116582,2,1592,15921592
170,62dbf9762dd27153fa11653b,1,1092,1092
170,63019af0cfbe57f02aa468f0,5,1148,11481148114811481148
170,62dbf9762dd27153fa1165ba,5,1968,19681968196819681968
171,62dbf9762dd27153fa1165a4,4,131,131131131131
171,62dbf9762dd27153fa1165ee,5,993,993993993993993
172,62dbf9762dd27153fa116569,4,2002,2002200220022002
172,62dbf9762dd27153fa116587,1,496,496
172,63019af0cfbe57f02aa468fe,2,954,954954
172,62dbf9762dd27153fa11658b,3,1214,121412141214
173,62dbf9762dd27153fa1165a9,2,1368,13681368
173,62dbf9762dd27153fa1165a4,1,131,131
173,62dbf9762dd27153fa1165a3,1,753,753
173,62dbf9762dd27153fa1165c1,1,1405,1405
174,62dbf9762dd27153fa1165cc,3,1935,193519351935
174,62fe9e991045919477a1bcc3,1,1860,1860
174,62dbf9762dd27153fa116560,4,910,910910910910
175,62dbf9762dd27153fa116556,3,717,717717717
175,62dbf9762dd27153fa11657e,1,1121,1121
175,62dbf9762dd27153fa116554,4,529,529529529529
175,62fe9e991045919477a1bcc9,1,1311,1311
175,62dbf9762dd27153fa1165da,1,241,241
176,62dbf9762dd27153fa11658e,4,406,406406406406
176,62dbf9762dd27153fa1165af,4,1038,1038103810381038
177,62dbf9762dd27153fa1165db,1,661,661
178,62dbf9762dd27153fa1165ca,5,1406,14061406140614061406
178,62dbf9762dd27153fa11654e,4,446,446446446446
178,62dbf9762dd27153fa1165a0,5,786,786786786786786
179,62dbf9762dd27153fa116589,5,623,623623623623623
180,62dbf9762dd27153fa1165d9,3,101,101101101
180,62dbf9762dd27153fa1165c5,1,1581,1581
180,62dbf9762dd27153fa1165a7,5,1058,10581058105810581058
180,62dbf9762dd27153fa116589,5,623,623623623623623
180,62dbf9762dd27153fa116560,5,910,910910910910910
181,62dbf9762dd27153fa116539,5,1963,19631963196319631963
181,62dbf9762dd27153fa1165d3,1,1837,1837
181,62dbf9762dd27153fa1165e3,5,905,905905905905905
181,62dbf9762dd27153fa116536,3,383,383383383
181,62dbf9762dd27153fa116543,4,1593,1593159315931593
182,62dbf9762dd27153fa116546,5,651,651651651651651
182,62dbf9762dd27153fa1165b8,2,137,137137
182,62dbf9762dd27153fa1165d9,4,101,101101101101
182,62dbf9762dd27153fa1165b3,5,1432,14321432143214321432
183,62dbf9762dd27153fa1165de,1,497,497
183,62dbf9762dd27153fa11653d,4,490,490490490490
183,62dbf9762dd27153fa1165bd,4,575,575575575575
183,62dbf9762dd27153fa1165ca,3,1406,140614061406
183,62dbf9762dd27153fa1165e0,4,1609,1609160916091609
184,62dbf9762dd27153fa11658b,4,1214,1214121412141214
185,63019af0cfbe57f02aa468f4,4,1528,1528152815281528
185,62fe9e991045919477a1bccf,4,177,177177177177
185,62dbf9762dd27153fa11659d,4,863,863863863863
185,62dbf9762dd27153fa1165a0,4,786,786786786786
186,62dbf9762dd27153fa11657e,1,1121,1121
186,62dbf9762dd27153fa1165e2,4,436,436436436436
186,62dbf9762dd27153fa1165f1,2,737,737737
186,63019af0cfbe57f02aa468f6,1,1057,1057
186,62dbf9762dd27153fa116590,2,1984,19841984
187,62dbf9762dd27153fa116590,4,1984,1984198419841984
188,62dbf9762dd27153fa116562,3,1689,168916891689
188,63019af0cfbe57f02aa468f5,1,698,698
188,62fe9e991045919477a1bcc2,4,1560,1560156015601560
188,62fe9e991045919477a1bcc2,3,1560,156015601560
189,62dbf9762dd27153fa116540,4,621,621621621621
189,62fe9e991045919477a1bcca,2,911,911911
190,62dbf9762dd27153fa1165e5,1,329,329
190,62dbf9762dd27153fa11654f,5,644,644644644644644
191,62dbf9762dd27153fa116552,4,255,255255255255
191,62fe9e991045919477a1bcc8,5,1572,15721572157215721572
191,62dbf9762dd27153fa11658e,5,406,406406406406406
191,62dbf9762dd27153fa116564,3,784,784784784
191,62dbf9762dd27153fa11655d,4,365,365365365365
192,62dbf9762dd27153fa1165bd,2,575,575575
192,62dbf9762dd27153fa11654c,5,346,346346346346346
193,62dbf9762dd27153fa116594,2,166,166166
193,62dbf9762dd27153fa1165d7,3,600,600600600
193,62dbf9762dd27153fa116590,1,1984,1984
193,62dbf9762dd27153fa1165b3,2,1432,14321432
194,62dbf9762dd27153fa1165b2,1,403,403
194,62dbf9762dd27153fa1165a0,3,786,786786786
194,62dbf9762dd27153fa11654d,5,1009,10091009100910091009
194,63019af0cfbe57f02aa468fb,5,275,275275275275275
194,62dbf9762dd27153fa116591,4,1625,1625162516251625
195,62dbf9762dd27153fa1165df,5,774,774774774774774
196,62dbf9762dd27153fa11656a,1,505,505
197,62dbf9762dd27153fa116587,1,496,496
197,62dbf9762dd27153fa116563,1,925,925
197,62dbf9762dd27153fa1165e0,5,1609,16091609160916091609
197,62dbf9762dd27153fa116545,2,561,561561
198,62dbf9762dd27153fa1165e3,1,905,905
198,63019af0cfbe57f02aa468f1,2,649,649649
198,62dbf9762dd27153fa116598,3,885,885885885
198,62dbf9762dd27153fa116548,4,524,524524524524
199,62dbf9762dd27153fa116561,1,808,808
200,62dbf9762dd27153fa116557,1,1517,1517
200,62dbf9762dd27153fa1165b4,5,1650,16501650165016501650
200,62dbf9762dd27153fa116583,2,176,176176
201,62dbf9762dd27153fa1165b0,4,1603,1603160316031603
202,62dbf9762dd27153fa116550,3,1287,128712871287
202,62dbf9762dd27153fa1165e5,2,329,329329
202,62dbf9762dd27153fa11657f,1,2069,2069
202,62dbf9762dd27153fa11659f,2,448,448448
202,62dbf9762dd27153fa116593,2,593,593593
203,62dbf9762dd27153fa1165a8,3,1612,161216121612
203,63019af0cfbe57f02aa468f1,2,649,649649
203,62dbf9762dd27153fa1165c9,2,882,882882
203,62dbf9762dd27153fa1165a5,1,174,174
204,62dbf9762dd27153fa1165ad,4,359,359359359359
204,62fe9e991045919477a1bcc1,4,552,552552552552
204,62fe9e991045919477a1bccf,5,177,177177177177177
205,62dbf9762dd27153fa11658e,5,406,406406406406406
205,62dbf9762dd27153fa116551,3,1236,123612361236
205,62dbf9762dd27153fa11654c,5,346,346346346346346
205,62dbf9762dd27153fa11658a,4,1009,1009100910091009
206,62dbf9762dd27153fa116536,2,383,383383
206,62fe9e991045919477a1bcc9,1,1311,1311
206,62dbf9762dd27153fa116582,5,1592,15921592159215921592
207,62dbf9762dd27153fa116566,3,451,451451451
207,62dbf9762dd27153fa1165f0,5,244,244244244244244
207,62dbf9762dd27153fa116593,3,593,593593593
207,62dbf9762dd27153fa116540,1,621,621
208,63019af0cfbe57f02aa468fd,5,1583,15831583158315831583
209,62dbf9762dd27153fa116583,1,176,176
209,62dbf9762dd27153fa1165e8,3,726,726726726
209,62dbf9762dd27153fa116539,2,1963,19631963
210,62dbf9762dd27153fa1165a3,4,753,753753753753
210,62dbf9762dd27153fa1165ef,5,1411,14111411141114111411
210,62dbf9762dd27153fa1165a5,5,174,174174174174174
210,62dbf9762dd27153fa116563,4,925,925925925925
211,62dbf9762dd27153fa1165a4,4,131,131131131131
211,62dbf9762dd27153fa1165ce,1,870,870
211,62fe9e991045919477a1bcc9,3,1311,131113111311
212,62dbf9762dd27153fa1165d1,2,637,637637
212,62dbf9762dd27153fa1165e3,3,905,905905905
212,62dbf9762dd27153fa1165ab,1,174,174
212,62dbf9762dd27153fa1165ad,3,359,359359359
213,62dbf9762dd27153fa1165b3,5,1432,14321432143214321432
214,62dbf9762dd27153fa1165e3,1,905,905
214,62dbf9762dd27153fa116546,1,651,651
214,62dbf9762dd27153fa1165d1,5,637,637637637637637
215,62dbf9762dd27153fa11653d,1,490,490
216,62dbf9762dd27153fa116564,3,784,784784784
217,62dbf9762dd27153fa11656b,1,1367,1367
217,62dbf9762dd27153fa1165d6,4,1145,1145114511451145
217,62fe9e991045919477a1bcd0,1,1959,1959
217,62dbf9762dd27153fa1165b5,1,796,796
218,62dbf9762dd27153fa116587,4,496,496496496496
218,62dbf9762dd27153fa1165d4,5,800,800800800800800
218,62dbf9762dd27153fa116537,3,578,578578578
218,62dbf9762dd27153fa116539,1,1963,1963
219,62dbf9762dd27153fa1165d5,3,1377,137713771377
219,62dbf9762dd27153fa1165a0,4,786,786786786786
219,62dbf9762dd27153fa1165bd,1,575,575
219,62dbf9762dd27153fa1165b9,2,525,525525
219,62dbf9762dd27153fa1165df,4,774,774774774774
220,62dbf9762dd27153fa1165c3,5,1306,13061306130613061306
220,62dbf9762dd27153fa116588,3,945,945945945
220,62dbf9762dd27153fa11653c,2,683,683683
220,63019af0cfbe57f02aa468f5,5,698,698698698698698
221,62dbf9762dd27153fa11658d,5,1588,15881588158815881588
221,62dbf9762dd27153fa116593,4,593,593593593593
222,62dbf9762dd27153fa11655e,1,327,327
222,62dbf9762dd27153fa1165c6,2,419,419419
222,62fe9e991045919477a1bcd0,4,1959,1959195919591959
222,62dbf9762dd27153fa116567,5,267,267267267267267
223,62dbf9762dd27153fa11658a,3,1009,100910091009
224,62dbf9762dd27153fa11659b,4,989,989989989989
225,63019af0cfbe57f02aa468fc,4,1707,1707170717071707
226,62dbf9762dd27153fa1165d1,4,637,637637637637
227,62dbf9762dd27153fa1165c4,1,829,829
227,62dbf9762dd27153fa1165dc,1,1248,1248
228,62dbf9762dd27153fa1165d3,2,1837,18371837
228,62dbf9762dd27153fa11655b,3,925,925925925
228,62dbf9762dd27153fa11653a,3,670,670670670
229,62dbf9762dd27153fa116567,5,267,267267267267267
229,62dbf9762dd27153fa1165af,3,1038,103810381038
229,62dbf9762dd27153fa11659f,4,448,448448448448
230,62dbf9762dd27153fa116538,2,1185,11851185
230,62dbf9762dd27153fa1165a6,3,784,784784784
231,62dbf9762dd27153fa1165db,2,661,661661
231,62dbf9762dd27153fa1165f1,3,737,737737737
231,62dbf9762dd27153fa1165b3,5,1432,14321432143214321432
232,62dbf9762dd27153fa1165c2,3,657,657657657
232,62dbf9762dd27153fa116584,3,615,615615615
232,62dbf9762dd27153fa1165c7,4,433,433433433433
232,62dbf9762dd27153fa116563,4,925,925925925925
232,62dbf9762dd27153fa116568,5,599,599599599599599
233,62dbf9762dd27153fa116585,2,483,483483
233,62fe9e991045919477a1bccb,2,725,725725
233,62dbf9762dd27153fa1165da,2,241,241241
234,62dbf9762dd27153fa11659b,1,989,989
234,62dbf9762dd27153fa1165e4,5,842,842842842842842
234,62dbf9762dd27153fa1165aa,4,361,361361361361
235,62dbf9762dd27153fa1165b6,4,998,998998998998
235,62dbf9762dd27153fa116588,3,945,945945945
235,62fe9e991045919477a1bcc3,4,1860,1860186018601860
236,62dbf9762dd27153fa1165f0,4,244,244244244244
237,62dbf9762dd27153fa116537,1,578,578
237,62dbf9762dd27153fa1165a8,5,1612,16121612161216121612
237,62dbf9762dd27153fa116591,3,1625,162516251625
237,62dbf9762dd27153fa1165bd,4,575,575575575575
238,62fe9e991045919477a1bcc9,3,1311,131113111311
238,62dbf9762dd27153fa1165dd,5,557,557557557557557
238,62dbf9762dd27153fa1165b3,2,1432,14321432
238,62dbf9762dd27153fa1165eb,4,1081,1081108110811081
238,62dbf9762dd27153fa1165da,2,241,241241
239,62dbf9762dd27153fa1165c4,3,829,829829829
239,62dbf9762dd27153fa1165f0,4,244,244244244244
239,62dbf9762dd27153fa116592,2,208,208208
240,62dbf9762dd27153fa1165b3,3,1432,143214321432
240,62dbf9762dd27153fa116569,5,2002,20022002200220022002
240,62dbf9762dd27153fa116540,4,621,621621621621
240,62dbf9762dd27153fa1165a5,5,174,174174174174174
241,62dbf9762dd27153fa11653d,2,490,490490
241,62dbf9762dd27153fa11658b,5,1214,12141214121412141214
241,63019af0cfbe57f02aa468f2,1,610,610
242,62dbf9762dd27153fa116592,5,208,208208208208208
242,62dbf9762dd27153fa116584,4,615,615615615615
242,63019af0cfbe57f02aa468f8,3,888,888888888
243,63019af0cfbe57f02aa468fa,5,381,381381381381381
244,62dbf9762dd27153fa116554,4,529,529529529529
244,62dbf9762dd27153fa1165e9,1,980,980
244,62dbf9762dd27153fa116545,1,561,561
245,62dbf9762dd27153fa1165ce,2,870,870870
245,63019af0cfbe57f02aa468f7,2,1137,11371137
245,63019af0cfbe57f02aa468f7,5,1137,11371137113711371137
246,62dbf9762dd27153fa116588,4,945,945945945945
247,62dbf9762dd27153fa1165ae,3,1321,132113211321
248,62dbf9762dd27153fa11656b,1,1367,1367
248,63019af0cfbe57f02aa468f3,2,1019,10191019
248,62dbf9762dd27153fa1165bf,1,305,305
248,62dbf9762dd27153fa116584,3,615,615615615
249,62dbf9762dd27153fa1165e9,3,980,980980980
249,62dbf9762dd27153fa116553,5,273,273273273273273
249,62dbf9762dd27153fa11658d,3,1588,158815881588
249,62fe9e991045919477a1bcc1,1,552,552
250,62dbf9762dd27153fa116596,2,577,577577
250,63019af0cfbe57f02aa468fb,4,275,275275275275
250,62dbf9762dd27153fa11655f,5,284,284284284284284
250,62dbf9762dd27153fa116595,3,1847,184718471847
250,62dbf9762dd27153fa11653e,4,1847,1847184718471847
251,62dbf9762dd27153fa116599,4,491,491491491491
251,62dbf9762dd27153fa116540,1,621,621
251,62dbf9762dd27153fa116556,5,717,717717717717717
251,62dbf9762dd27153fa1165a9,2,1368,13681368
251,62dbf9762dd27153fa11653e,4,1847,1847184718471847
252,62dbf9762dd27153fa1165c2,3,657,657657657
252,62dbf9762dd27153fa1165a0,4,786,786786786786
253,62dbf9762dd27153fa11654d,4,1009,1009100910091009
253,63019af0cfbe57f02aa468f8,3,888,888888888
253,62dbf9762dd27153fa116550,4,1287,1287128712871287
254,62dbf9762dd27153fa1165d7,4,600,600600600600
255,62fe9e991045919477a1bcc7,2,1283,12831283
255,62dbf9762dd27153fa116596,5,577,577577577577577
255,62dbf9762dd27153fa116580,3,1927,192719271927
255,62dbf9762dd27153fa11658a,1,1009,1009
256,62dbf9762dd27153fa1165be,2,701,701701
256,63019af0cfbe57f02aa468f6,2,1057,10571057
256,62dbf9762dd27153fa11653b,1,1092,1092
257,62fe9e991045919477a1bccd,1,897,897
257,62dbf9762dd27153fa116557,3,1517,151715171517
258,62dbf9762dd27153fa1165d7,2,600,600600
258,62dbf9762dd27153fa1165e4,3,842,842842842
258,62dbf9762dd27153fa11653d,5,490,490490490490490
258,62dbf9762dd27153fa116549,3,681,681681681
259,62dbf9762dd27153fa11653f,4,614,614614614614
259,63019af0cfbe57f02aa468fd,5,1583,15831583158315831583
260,62dbf9762dd27153fa116561,1,808,808
260,63019af0cfbe57f02aa468f2,2,610,610610
260,62dbf9762dd27153fa1165b7,1,214,214
261,62dbf9762dd27153fa116586,4,357,357357357357
261,62dbf9762dd27153fa1165a1,4,1175,1175117511751175
261,62dbf9762dd27153fa116591,1,1625,1625
262,62dbf9762dd27153fa11659d,5,863,863863863863863
262,62dbf9762dd27153fa11655b,5,925,925925925925925
263,62dbf9762dd27153fa1165ca,4,1406,1406140614061406
263,62dbf9762dd27153fa1165c9,2,882,882882
263,62dbf9762dd27153fa116596,5,577,577577577577577
263,62dbf9762dd27153fa11655a,3,912,912912912
263,62dbf9762dd27153fa1165c2,3,657,657657657
264,62dbf9762dd27153fa1165e1,1,345,345
264,62fe9e991045919477a1bccf,1,177,177
264,62dbf9762dd27153fa11654e,5,446,446446446446446
264,62dbf9762dd27153fa11658f,4,1169,1169116911691169
264,62dbf9762dd27153fa11654e,5,446,446446446446446
265,62dbf9762dd27153fa11656b,2,1367,13671367
265,62dbf9762dd27153fa11659e,4,628,628628628628
265,62dbf9762dd27153fa11658c,4,371,371371371371
266,62dbf9762dd27153fa116594,1,166,166
266,63019af0cfbe57f02aa468f8,3,888,888888888
266,62dbf9762dd27153fa116556,2,717,717717
266,63019af0cfbe57f02aa468fc,5,1707,17071707170717071707
267,63019af0cfbe57f02aa468f7,1,1137,1137
267,62dbf9762dd27153fa11654b,4,1417,1417141714171417
267,63019af0cfbe57f02aa468f0,3,1148,114811481148
267,62dbf9762dd27153fa116545,2,561,561561
267,62dbf9762dd27153fa116559,1,332,332
268,62dbf9762dd27153fa1165b0,1,1603,1603
268,62dbf9762dd27153fa116565,3,131,131131131
268,62dbf9762dd27153fa11658d,3,1588,158815881588
268,62dbf9762dd27153fa116598,2,885,885885
268,62dbf9762dd27153fa116542,5,1882,18821882188218821882
269,62dbf9762dd27153fa116538,5,1185,11851185118511851185
269,62fe9e991045919477a1bcc1,5,552,552552552552552
269,62dbf9762dd27153fa1165d1,2,637,637637
269,62dbf9762dd27153fa1165ee,3,993,993993993
270,62dbf9762dd27153fa116580,4,1927,1927192719271927
270,62dbf9762dd27153fa11658a,5,1009,10091009100910091009
270,62dbf9762dd27153fa11658a,1,1009,1009
270,62dbf9762dd27153fa1165a9,1,1368,1368
270,62dbf9762dd27153fa11657d,3,707,707707707
271,62dbf9762dd27153fa1165c4,3,829,829829829
271,62dbf9762dd27153fa1165d2,3,464,464464464
272,62dbf9762dd27153fa1165ef,1,1411,1411
272,62dbf9762dd27153fa11658e,5,406,406406406406406
272,62dbf9762dd27153fa1165be,1,701,701
272,62dbf9762dd27153fa1165a5,4,174,174174174174
272,63019af0cfbe57f02aa468f1,3,649,649649649
273,62dbf9762dd27153fa1165f2,4,1590,1590159015901590
273,62fe9e991045919477a1bcc6,1,1057,1057
273,62dbf9762dd27153fa116566,4,451,451451451451
273,62dbf9762dd27153fa1165ea,4,436,436436436436
274,62dbf9762dd27153fa1165e6,1,1956,1956
274,62dbf9762dd27153fa1165bd,4,575,575575575575
274,62dbf9762dd27153fa1165b2,2,403,403403
275,62dbf9762dd27153fa1165e3,5,905,905905905905905
275,62dbf9762dd27153fa1165c0,1,798,798
275,62dbf9762dd27153fa116539,3,1963,196319631963
275,62dbf9762dd27153fa11653a,2,670,670670
276,62dbf9762dd27153fa11655e,1,327,327
276,62dbf9762dd27153fa116596,1,577,577
276,62dbf9762dd27153fa1165d9,5,101,101101101101101
276,62dbf9762dd27153fa1165ba,1,1968,1968
277,62fe9e991045919477a1bccb,2,725,725725
277,63019af0cfbe57f02aa468fc,5,1707,17071707170717071707
277,62dbf9762dd27153fa1165f2,1,1590,1590
277,62dbf9762dd27153fa116582,3,1592,159215921592
277,62dbf9762dd27153fa116596,2,577,577577
278,62fe9e991045919477a1bcc6,4,1057,1057105710571057
278,63019af0cfbe57f02aa468f6,2,1057,10571057
278,62dbf9762dd27153fa1165a0,5,786,786786786786786
278,62fe9e991045919477a1bcc9,5,1311,13111311131113111311
279,62dbf9762dd27153fa116545,1,561,561
279,62dbf9762dd27153fa116582,5,1592,15921592159215921592
279,62dbf9762dd27153fa11658c,4,371,371371371371
279,62dbf9762dd27153fa1165e5,3,329,329329329
279,62dbf9762dd27153fa1165c4,2,829,829829
280,62fe9e991045919477a1bccc,4,848,848848848848
280,63019af0cfbe57f02aa468f4,3,1528,152815281528
280,62dbf9762dd27153fa1165e3,3,905,905905905
280,62dbf9762dd27153fa11656c,2,1828,18281828
280,62dbf9762dd27153fa1165db,4,661,661661661661
281,62dbf9762dd27153fa1165d9,4,101,101101101101
281,62dbf9762dd27153fa11653a,4,670,670670670670
281,62fe9e991045919477a1bcc7,2,1283,12831283
282,62dbf9762dd27153fa1165ad,2,359,359359
282,62dbf9762dd27153fa11653d,5,490,490490490490490
282,62dbf9762dd27153fa1165d4,3,800,800800800
282,62dbf9762dd27153fa1165d6,3,1145,114511451145
283,62dbf9762dd27153fa1165d2,3,464,464464464
283,62fe9e991045919477a1bccc,3,848,848848848
284,62dbf9762dd27153fa116552,5,255,255255255255255
284,62dbf9762dd27153fa116564,5,784,784784784784784
284,62dbf9762dd27153fa116569,5,2002,20022002200220022002
285,63019af0cfbe57f02aa468fb,4,275,275275275275
285,62dbf9762dd27153fa11659a,4,1212,1212121212121212
285,62dbf9762dd27153fa11659a,2,1212,12121212
286,62dbf9762dd27153fa1165b2,4,403,403403403403
286,62fe9e991045919477a1bccb,4,725,725725725725
286,62dbf9762dd27153fa1165aa,5,361,361361361361361
286,62dbf9762dd27153fa11657d,4,707,707707707707
286,62dbf9762dd27153fa1165ec,4,889,889889889889
287,62dbf9762dd27153fa1165f0,2,244,244244
288,62dbf9762dd27153fa11653b,3,1092,109210921092
288,62dbf9762dd27153fa116598,3,885,885885885
288,62dbf9762dd27153fa1165cc,3,1935,193519351935
288,62dbf9762dd27153fa116588,1,945,945
289,62dbf9762dd27153fa1165e6,3,1956,195619561956
290,62dbf9762dd27153fa1165ca,3,1406,140614061406
290,62dbf9762dd27153fa11653b,2,1092,10921092
290,62dbf9762dd27153fa1165c6,5,419,419419419419419
290,62dbf9762dd27153fa1165dd,5,557,557557557557557
291,62dbf9762dd27153fa116549,3,681,681681681
291,62dbf9762dd27153fa1165e0,3,1609,160916091609
292,62dbf9762dd27153fa116596,3,577,577577577
292,62dbf9762dd27153fa116538,1,1185,1185
292,62dbf9762dd27153fa11657e,3,1121,112111211121
292,62dbf9762dd27153fa1165d1,3,637,637637637
293,62dbf9762dd27153fa116592,1,208,208
293,62dbf9762dd27153fa1165cb,1,414,414
293,62dbf9762dd27153fa1165e7,3,73,737373
294,62dbf9762dd27153fa11659f,3,448,448448448
295,62dbf9762dd27153fa1165c9,5,882,882882882882882
295,62dbf9762dd27153fa1165c2,2,657,657657
295,62dbf9762dd27153fa116596,2,577,577577
295,62dbf9762dd27153fa1165da,3,241,241241241
296,62dbf9762dd27153fa1165a5,1,174,174
296,62dbf9762dd27153fa1165b2,3,403,403403403
297,62dbf9762dd27153fa1165c8,1,624,624
297,62dbf9762dd27153fa1165db,1,661,661
297,62dbf9762dd27153fa116585,1,483,483
298,62dbf9762dd27153fa1165da,4,241,241241241241
299,62dbf9762dd27153fa116556,4,717,717717717717
299,62dbf9762dd27153fa1165c2,2,657,657657
299,62fe9e991045919477a1bcce,2,694,694694
299,62dbf9762dd27153fa11659a,5,1212,12121212121212121212
300,62dbf9762dd27153fa11655a,2,912,912912
300,62dbf9762dd27153fa1165f2,5,1590,15901590159015901590
300,62dbf9762dd27153fa116586,3,357,357357357
300,62dbf9762dd27153fa116598,2,885,885885
301,63019af0cfbe57f02aa468f0,3,1148,114811481148
301,62dbf9762dd27153fa1165ba,2,1968,19681968
302,62dbf9762dd27153fa116538,3,1185,118511851185
302,63019af0cfbe57f02aa468f1,5,649,649649649649649
302,62dbf9762dd27153fa1165f0,4,244,244244244244
302,62dbf9762dd27153fa1165eb,2,1081,10811081
302,62dbf9762dd27153fa116558,4,606,606606606606
303,62dbf9762dd27153fa116559,2,332,332332
303,62dbf9762dd27153fa1165e3,5,905,905905905905905
303,62dbf9762dd27153fa1165a8,4,1612,1612161216121612
304,62dbf9762dd27153fa116549,5,681,681681681681681
304,62dbf9762dd27153fa116596,2,577,577577
305,62dbf9762dd27153fa1165e5,2,329,329329
305,62dbf9762dd27153fa1165a4,5,131,131131131131131
306,62dbf9762dd27153fa116549,1,681,681
306,62dbf9762dd27153fa1165ea,3,436,436436436
307,62dbf9762dd27153fa1165d3,1,1837,1837
308,62dbf9762dd27153fa116569,3,2002,200220022002
309,62dbf9762dd27153fa1165ee,1,993,993
310,62dbf9762dd27153fa1165aa,4,361,361361361361
310,62dbf9762dd27153fa1165a8,3,1612,161216121612
311,62dbf9762dd27153fa1165b6,5,998,998998998998998
312,62dbf9762dd27153fa1165a0,2,786,786786
312,62dbf9762dd27153fa1165d4,3,800,800800800
313,62dbf9762dd27153fa11659c,1,220,220
314,62dbf9762dd27153fa1165c0,3,798,798798798
314,62dbf9762dd27153fa1165ea,2,436,436436
314,62dbf9762dd27153fa116584,1,615,615
315,62dbf9762dd27153fa1165ef,2,1411,14111411
315,62dbf9762dd27153fa1165a5,3,174,174174174
316,62dbf9762dd27153fa1165bb,3,1208,120812081208
316,62dbf9762dd27153fa116584,5,615,615615615615615
316,63019af0cfbe57f02aa468f2,5,610,610610610610610
316,62dbf9762dd27153fa1165e9,3,980,980980980
316,62fe9e991045919477a1bcce,4,694,694694694694
317,62dbf9762dd27153fa1165a6,1,784,784
317,62fe9e991045919477a1bcce,4,694,694694694694
317,62dbf9762dd27153fa116541,2,1258,12581258
317,62dbf9762dd27153fa11655a,4,912,912912912912
318,62dbf9762dd27153fa11653d,4,490,490490490490
318,62dbf9762dd27153fa116586,2,357,357357
318,62dbf9762dd27153fa1165cd,1,1525,1525
319,62dbf9762dd27153fa11654b,3,1417,141714171417
319,62dbf9762dd27153fa116594,4,166,166166166166
319,62dbf9762dd27153fa1165eb,1,1081,1081
320,63019af0cfbe57f02aa468fd,4,1583,1583158315831583
320,62dbf9762dd27153fa116558,2,606,606606
320,62dbf9762dd27153fa1165df,4,774,774774774774
320,62dbf9762dd27153fa1165b2,4,403,403403403403
321,62dbf9762dd27153fa1165b1,5,214,214214214214214
321,62dbf9762dd27153fa11653d,4,490,490490490490
321,62dbf9762dd27153fa11657e,1,1121,1121
321,62dbf9762dd27153fa116545,1,561,561
322,62dbf9762dd27153fa116540,1,621,621
323,62dbf9762dd27153fa1165d2,4,464,464464464464
323,62dbf9762dd27153fa116583,2,176,176176
323,62dbf9762dd27153fa116581,2,78,7878
323,62dbf9762dd27153fa1165d2,5,464,464464464464464
323,62dbf9762dd27153fa11658f,1,1169,1169
324,63019af0cfbe57f02aa468fb,1,275,275
324,63019af0cfbe57f02aa468fc,2,1707,17071707
324,62dbf9762dd27153fa11657f,2,2069,20692069
324,62dbf9762dd27153fa1165d4,4,800,800800800800
324,62dbf9762dd27153fa1165d3,2,1837,18371837
325,62dbf9762dd27153fa116557,3,1517,151715171517
325,62dbf9762dd27153fa11653b,5,1092,10921092109210921092
326,62dbf9762dd27153fa1165dd,5,557,557557557557557
327,62fe9e991045919477a1bcc3,4,1860,1860186018601860
328,62dbf9762dd27153fa1165b6,5,998,998998998998998
328,62dbf9762dd27153fa1165ed,4,1484,1484148414841484
328,62dbf9762dd27153fa1165a0,1,786,786
328,62dbf9762dd27153fa116565,1,131,131
328,62dbf9762dd27153fa1165ea,4,436,436436436436
329,62dbf9762dd27153fa11659c,5,220,220220220220220
330,62dbf9762dd27153fa116584,4,615,615615615615
330,62dbf9762dd27153fa11659f,3,448,448448448
331,62dbf9762dd27153fa116592,1,208,208
331,62dbf9762dd27153fa116560,3,910,910910910
332,62dbf9762dd27153fa11653b,2,1092,10921092
333,62dbf9762dd27153fa116598,5,885,885885885885885
333,62dbf9762dd27153fa116563,5,925,925925925925925
334,62dbf9762dd27153fa1165aa,4,361,361361361361
335,62dbf9762dd27153fa116562,3,1689,168916891689
335,62dbf9762dd27153fa11655f,4,284,284284284284
336,62dbf9762dd27153fa116556,5,717,717717717717717
336,62dbf9762dd27153fa1165a3,5,753,753753753753753
337,62dbf9762dd27153fa11653a,3,670,670670670
337,62dbf9762dd27153fa1165cc,5,1935,19351935193519351935
338,62dbf9762dd27153fa1165b0,2,1603,16031603
338,62dbf9762dd27153fa1165b5,4,796,796796796796
338,62dbf9762dd27153fa11659c,4,220,220220220220
339,62dbf9762dd27153fa11655a,1,912,912
340,62dbf9762dd27153fa1165c2,4,657,657657657657
340,62dbf9762dd27153fa116563,4,925,925925925925
341,62dbf9762dd27153fa1165a1,2,1175,11751175
341,62dbf9762dd27153fa1165d5,2,1377,13771377
341,62dbf9762dd27153fa1165de,4,497,497497497497
341,62dbf9762dd27153fa116566,1,451,451
342,62dbf9762dd27153fa11658d,3,1588,158815881588
342,62dbf9762dd27153fa11655a,5,912,912912912912912
342,62dbf9762dd27153fa116583,1,176,176
342,62dbf9762dd27153fa1165a5,1,174,174
342,62dbf9762dd27153fa1165e4,5,842,842842842842842
343,62dbf9762dd27153fa116595,3,1847,184718471847
343,62dbf9762dd27153fa11658c,5,371,371371371371371
343,62dbf9762dd27153fa116586,5,357,357357357357357
344,62dbf9762dd27153fa1165c3,2,1306,13061306
345,62dbf9762dd27153fa11654e,1,446,446
345,62dbf9762dd27153fa116599,2,491,491491
345,62fe9e991045919477a1bcc3,2,1860,18601860
346,62dbf9762dd27153fa1165b4,3,1650,165016501650
347,62dbf9762dd27153fa1165c8,4,624,624624624624
347,62dbf9762dd27153fa1165d0,3,943,943943943
347,62dbf9762dd27153fa11659e,3,628,628628628
347,63019af0cfbe57f02aa468f8,5,888,888888888888888
348,62dbf9762dd27153fa116569,5,2002,20022002200220022002
348,62dbf9762dd27153fa116567,2,267,267267
348,62dbf9762dd27153fa116563,1,925,925
348,62dbf9762dd27153fa1165d5,5,1377,13771377137713771377
348,62dbf9762dd27153fa1165c2,4,657,657657657657
349,62fe9e991045919477a1bccf,3,177,177177177
349,62dbf9762dd27153fa11657e,2,1121,11211121
349,62fe9e991045919477a1bcc2,5,1560,15601560156015601560
349,62dbf9762dd27153fa1165b6,5,998,998998998998998
349,62dbf9762dd27153fa116568,4,599,599599599599
350,62dbf9762dd27153fa11654b,2,1417,14171417
350,62dbf9762dd27153fa116580,2,1927,19271927
350,62dbf9762dd27153fa11654e,5,446,446446446446446
350,62dbf9762dd27153fa11659d,3,863,863863863
350,62fe9e991045919477a1bcc9,5,1311,13111311131113111311
351,62dbf9762dd27153fa1165e6,1,1956,1956
351,62dbf9762dd27153fa1165a4,3,131,131131131
351,62fe9e991045919477a1bccb,1,725,725
351,62dbf9762dd27153fa116599,2,491,491491
352,62dbf9762dd27153fa116544,1,502,502
352,62fe9e991045919477a1bccd,4,897,897897897897
353,62dbf9762dd27153fa1165ee,1,993,993
353,62dbf9762dd27153fa1165cc,3,1935,193519351935
353,62fe9e991045919477a1bcc1,2,552,552552
353,62dbf9762dd27153fa11656c,3,1828,182818281828
354,62dbf9762dd27153fa116554,2,529,529529
354,62dbf9762dd27153fa1165e1,1,345,345
354,62dbf9762dd27153fa116549,5,681,681681681681681
355,62dbf9762dd27153fa116593,4,593,593593593593
355,62dbf9762dd27153fa11654b,5,1417,14171417141714171417
356,62dbf9762dd27153fa1165dd,2,557,557557
356,62dbf9762dd27153fa116568,4,599,599599599599
356,62dbf9762dd27153fa1165b2,1,403,403
357,62dbf9762dd27153fa1165e2,2,436,436436
357,62dbf9762dd27153fa116557,5,1517,15171517151715171517
357,62dbf9762dd27153fa1165ae,1,1321,1321
357,62fe9e991045919477a1bcd0,1,1959,1959
357,62dbf9762dd27153fa11654b,3,1417,141714171417
358,62dbf9762dd27153fa116538,2,1185,11851185
358,62dbf9762dd27153fa116589,5,623,623623623623623
359,62dbf9762dd27153fa1165e1,3,345,345345345
359,63019af0cfbe57f02aa468f7,4,1137,1137113711371137
360,62dbf9762dd27153fa11658f,4,1169,1169116911691169
360,62dbf9762dd27153fa116595,5,1847,18471847184718471847
360,62dbf9762dd27153fa1165bb,1,1208,1208
361,62dbf9762dd27153fa11657e,5,1121,11211121112111211121
361,63019af0cfbe57f02aa468f3,1,1019,1019
361,62dbf9762dd27153fa1165c8,3,624,624624624
361,62dbf9762dd27153fa11659e,1,628,628
362,62dbf9762dd27153fa11659b,3,989,989989989
362,62dbf9762dd27153fa1165a0,4,786,786786786786
362,63019af0cfbe57f02aa468f7,2,1137,11371137
362,62dbf9762dd27153fa1165e2,4,436,436436436436
362,62dbf9762dd27153fa11656c,2,1828,18281828
363,62fe9e991045919477a1bcc5,2,830,830830
363,63019af0cfbe57f02aa468f4,3,1528,152815281528
363,62dbf9762dd27153fa116567,2,267,267267
363,62dbf9762dd27153fa1165d2,2,464,464464
364,62dbf9762dd27153fa11656a,1,505,505
364,62dbf9762dd27153fa1165a5,1,174,174
364,62dbf9762dd27153fa116548,2,524,524524
365,62dbf9762dd27153fa1165aa,5,361,361361361361361
365,62dbf9762dd27153fa1165e7,3,73,737373
365,62dbf9762dd27153fa1165dd,1,557,557
365,62dbf9762dd27153fa116545,2,561,561561
366,62dbf9762dd27153fa116599,3,491,491491491
366,62dbf9762dd27153fa11654d,5,1009,10091009100910091009
366,62dbf9762dd27153fa116563,5,925,925925925925925
366,62dbf9762dd27153fa1165b7,1,214,214
367,62dbf9762dd27153fa116584,2,615,615615
367,62dbf9762dd27153fa116586,5,357,357357357357357
367,62dbf9762dd27153fa1165ea,4,436,436436436436
367,62fe9e991045919477a1bcc9,4,1311,1311131113111311
367,62dbf9762dd27153fa116554,5,529,529529529529529
368,62dbf9762dd27153fa1165cf,1,940,940
368,62dbf9762dd27153fa1165d3,5,1837,18371837183718371837
368,62fe9e991045919477a1bcc6,1,1057,1057
368,62dbf9762dd27153fa1165d3,5,1837,18371837183718371837
368,62dbf9762dd27153fa1165af,5,1038,10381038103810381038
369,63019af0cfbe57f02aa468f4,4,1528,1528152815281528
369,62dbf9762dd27153fa1165db,4,661,661661661661
369,62fe9e991045919477a1bcca,4,911,911911911911
369,62dbf9762dd27153fa1165d2,1,464,464
369,62dbf9762dd27153fa116560,3,910,910910910
370,62fe9e991045919477a1bcc3,5,1860,18601860186018601860
370,62dbf9762dd27153fa116536,5,383,383383383383383
370,62dbf9762dd27153fa11658f,4,1169,1169116911691169
370,62dbf9762dd27153fa11653e,2,1847,18471847
371,62dbf9762dd27153fa11659b,5,989,989989989989989
371,62dbf9762dd27153fa116566,4,451,451451451451
371,62dbf9762dd27153fa1165bd,5,575,575575575575575
371,62dbf9762dd27153fa11659d,5,863,863863863863863
372,62dbf9762dd27153fa116589,3,623,623623623
372,62fe9e991045919477a1bcce,1,694,694
372,62dbf9762dd27153fa1165e5,4,329,329329329329
372,62dbf9762dd27153fa11655d,3,365,365365365
372,62dbf9762dd27153fa11653d,5,490,490490490490490
373,62dbf9762dd27153fa1165e3,5,905,905905905905905
373,62dbf9762dd27153fa116543,4,1593,1593159315931593
373,62dbf9762dd27153fa1165e7,5,73,7373737373
373,62dbf9762dd27153fa1165ea,1,436,436
374,62dbf9762dd27153fa1165c1,5,1405,14051405140514051405
375,62dbf9762dd27153fa11658e,4,406,406406406406
376,62dbf9762dd27153fa116587,1,496,496
377,62dbf9762dd27153fa1165ed,3,1484,148414841484
377,62fe9e991045919477a1bcc6,1,1057,1057
377,62dbf9762dd27153fa1165aa,3,361,361361361
377,62dbf9762dd27153fa1165b0,3,1603,160316031603
378,62dbf9762dd27153fa1165af,1,1038,1038
379,62dbf9762dd27153fa1165e6,5,1956,19561956195619561956
379,62dbf9762dd27153fa1165b9,5,525,525525525525525
379,62dbf9762dd27153fa116567,5,267,267267267267267
379,62dbf9762dd27153fa1165e7,3,73,737373
379,62fe9e991045919477a1bcc4,3,776,776776776
380,62dbf9762dd27153fa1165ac,5,1320,13201320132013201320
381,62dbf9762dd27153fa11654b,4,1417,1417141714171417
381,62dbf9762dd27153fa116546,1,651,651
381,63019af0cfbe57f02aa468f0,5,1148,11481148114811481148
381,62dbf9762dd27153fa1165b1,3,214,214214214
381,62dbf9762dd27153fa11657f,3,2069,206920692069
382,62dbf9762dd27153fa1165a4,3,131,131131131
382,62dbf9762dd27153fa116586,2,357,357357
382,62dbf9762dd27153fa1165a3,1,753,753
383,62dbf9762dd27153fa1165ad,3,359,359359359
383,62dbf9762dd27153fa11658b,1,1214,1214
383,62dbf9762dd27153fa1165d3,3,1837,183718371837
383,62dbf9762dd27153fa1165a7,3,1058,105810581058
384,62dbf9762dd27153fa11654c,3,346,346346346
385,62fe9e991045919477a1bcc3,4,1860,1860186018601860
385,62dbf9762dd27153fa116545,4,561,561561561561
385,62dbf9762dd27153fa1165e0,1,1609,1609
385,62dbf9762dd27153fa1165c8,5,624,624624624624624
385,62dbf9762dd27153fa116595,2,1847,18471847
386,62dbf9762dd27153fa116559,4,332,332332332332
387,62dbf9762dd27153fa116587,2,496,496496
388,63019af0cfbe57f02aa468f4,5,1528,15281528152815281528
389,62dbf9762dd27153fa1165f2,1,1590,1590
389,62dbf9762dd27153fa1165d1,1,637,637
390,62dbf9762dd27153fa116599,4,491,491491491491
390,62dbf9762dd27153fa1165de,5,497,497497497497497
390,62dbf9762dd27153fa1165ac,1,1320,1320
391,62dbf9762dd27153fa1165d8,4,179,179179179179
391,62dbf9762dd27153fa1165c4,5,829,829829829829829
391,62dbf9762dd27153fa1165b7,2,214,214214
392,62dbf9762dd27153fa11656b,4,1367,1367136713671367
393,62dbf9762dd27153fa116556,3,717,717717717
393,62dbf9762dd27153fa1165d2,2,464,464464
394,62dbf9762dd27153fa1165d8,4,179,179179179179
395,62fe9e991045919477a1bcc9,4,1311,1311131113111311
395,62dbf9762dd27153fa1165d0,1,943,943
395,62dbf9762dd27153fa116557,1,1517,1517
395,62dbf9762dd27153fa1165cc,5,1935,19351935193519351935
395,62dbf9762dd27153fa1165bf,4,305,305305305305
396,62dbf9762dd27153fa1165af,4,1038,1038103810381038
397,62dbf9762dd27153fa11654c,1,346,346
397,62dbf9762dd27153fa11654f,5,644,644644644644644
397,62dbf9762dd27153fa1165c9,1,882,882
397,62dbf9762dd27153fa1165c9,1,882,882
398,62dbf9762dd27153fa116558,4,606,606606606606
398,62dbf9762dd27153fa11659a,2,1212,12121212
398,62dbf9762dd27153fa1165cb,2,414,414414
398,62dbf9762dd27153fa11656b,2,1367,13671367
398,62dbf9762dd27153fa1165b8,1,137,137
399,62dbf9762dd27153fa1165af,3,1038,103810381038
400,62dbf9762dd27153fa11656c,1,1828,1828
401,62dbf9762dd27153fa1165c4,5,829,829829829829829
401,62dbf9762dd27153fa1165ad,2,359,359359
402,62dbf9762dd27153fa1165a0,4,786,786786786786
402,62dbf9762dd27153fa1165d7,1,600,600
403,62dbf9762dd27153fa116539,5,1963,19631963196319631963
403,62dbf9762dd27153fa1165b2,1,403,403
403,62fe9e991045919477a1bccf,1,177,177
403,63019af0cfbe57f02aa468f5,4,698,698698698698
404,62dbf9762dd27153fa1165a1,1,1175,1175
404,62dbf9762dd27153fa1165ad,2,359,359359
404,62dbf9762dd27153fa11658c,5,371,371371371371371
405,63019af0cfbe57f02aa468fd,1,1583,1583
406,62dbf9762dd27153fa116555,2,256,256256
406,62dbf9762dd27153fa1165a1,3,1175,117511751175
406,62dbf9762dd27153fa1165cf,1,940,940
407,62dbf9762dd27153fa11655e,2,327,327327
407,62dbf9762dd27153fa116550,1,1287,1287
408,62dbf9762dd27153fa1165a3,3,753,753753753
408,62fe9e991045919477a1bcc5,3,830,830830830
408,62dbf9762dd27153fa116537,2,578,578578
408,62dbf9762dd27153fa116555,4,256,256256256256
408,62dbf9762dd27153fa1165ce,5,870,870870870870870
409,62dbf9762dd27153fa116550,5,1287,12871287128712871287
409,62dbf9762dd27153fa1165ef,5,1411,14111411141114111411
409,62fe9e991045919477a1bccd,3,897,897897897
409,62dbf9762dd27153fa116556,4,717,717717717717
410,62dbf9762dd27153fa11658a,2,1009,10091009
411,62dbf9762dd27153fa11656c,3,1828,182818281828
411,63019af0cfbe57f02aa468f9,5,1508,15081508150815081508
411,62dbf9762dd27153fa11659c,3,220,220220220
411,62dbf9762dd27153fa1165a8,5,1612,16121612161216121612
412,62dbf9762dd27153fa116583,2,176,176176
413,62dbf9762dd27153fa11659a,1,1212,1212
413,62dbf9762dd27153fa116544,4,502,502502502502
413,62dbf9762dd27153fa116599,2,491,491491
413,62dbf9762dd27153fa1165a2,1,1687,1687
414,62dbf9762dd27153fa11654a,1,1707,1707
415,62dbf9762dd27153fa116582,3,1592,159215921592
415,62dbf9762dd27153fa1165a8,5,1612,16121612161216121612
415,62dbf9762dd27153fa1165d3,4,1837,1837183718371837
415,62dbf9762dd27153fa11658f,1,1169,1169
416,63019af0cfbe57f02aa468f7,2,1137,11371137
416,63019af0cfbe57f02aa468fe,2,954,954954
416,63019af0cfbe57f02aa468f7,2,1137,11371137
416,62dbf9762dd27153fa1165d4,3,800,800800800
416,62dbf9762dd27153fa116558,5,606,606606606606606
417,62dbf9762dd27153fa116586,5,357,357357357357357
418,62dbf9762dd27153fa1165b4,1,1650,1650
418,62dbf9762dd27153fa1165e3,5,905,905905905905905
419,62dbf9762dd27153fa1165ad,1,359,359
419,62dbf9762dd27153fa11655a,3,912,912912912
420,62dbf9762dd27153fa1165c2,3,657,657657657
420,62dbf9762dd27153fa1165d9,3,101,101101101
420,62dbf9762dd27153fa116547,1,1552,1552
420,62dbf9762dd27153fa1165bf,5,305,305305305305305
420,62dbf9762dd27153fa116538,3,1185,118511851185
421,62dbf9762dd27153fa11654d,5,1009,10091009100910091009
421,63019af0cfbe57f02aa468f0,4,1148,1148114811481148
421,62dbf9762dd27153fa1165d2,5,464,464464464464464
421,63019af0cfbe57f02aa468f9,2,1508,15081508
422,62dbf9762dd27153fa1165b4,4,1650,1650165016501650
422,62dbf9762dd27153fa116595,4,1847,1847184718471847
423,62fe9e991045919477a1bcc4,4,776,776776776776
424,62dbf9762dd27153fa116585,4,483,483483483483
424,62dbf9762dd27153fa116550,3,1287,128712871287
424,62dbf9762dd27153fa1165ad,3,359,359359359
424,62dbf9762dd27153fa1165c4,2,829,829829
424,62dbf9762dd27153fa116598,3,885,885885885
425,62dbf9762dd27153fa1165b3,3,1432,143214321432
425,62dbf9762dd27153fa116552,3,255,255255255
425,62dbf9762dd27153fa116539,1,1963,1963
425,62dbf9762dd27153fa1165e2,1,436,436
425,62dbf9762dd27153fa116582,3,1592,159215921592
426,62dbf9762dd27153fa11657d,4,707,707707707707
426,62dbf9762dd27153fa116544,2,502,502502
427,62dbf9762dd27153fa1165db,4,661,661661661661
428,62fe9e991045919477a1bcc9,4,1311,1311131113111311
428,62dbf9762dd27153fa116599,3,491,491491491
429,62dbf9762dd27153fa1165b1,1,214,214
429,62dbf9762dd27153fa116559,1,332,332
430,62dbf9762dd27153fa1165ca,2,1406,14061406
430,62dbf9762dd27153fa116551,3,1236,123612361236
430,62fe9e991045919477a1bcc2,2,1560,15601560
431,62dbf9762dd27153fa1165ad,3,359,359359359
431,62dbf9762dd27153fa1165d3,4,1837,1837183718371837
431,62dbf9762dd27153fa1165d8,2,179,179179
431,62dbf9762dd27153fa1165e4,4,842,842842842842
432,62fe9e991045919477a1bccb,4,725,725725725725
432,62fe9e991045919477a1bccf,1,177,177
433,62dbf9762dd27153fa116537,3,578,578578578
433,62dbf9762dd27153fa1165d9,4,101,101101101101
434,62dbf9762dd27153fa1165c8,1,624,624
435,62dbf9762dd27153fa116581,3,78,787878
435,63019af0cfbe57f02aa468f8,1,888,888
435,62dbf9762dd27153fa1165f1,1,737,737
436,62fe9e991045919477a1bcc9,4,1311,1311131113111311
437,62dbf9762dd27153fa116558,3,606,606606606
437,62dbf9762dd27153fa1165be,5,701,701701701701701
438,62dbf9762dd27153fa11653f,5,614,614614614614614
439,62dbf9762dd27153fa1165e4,2,842,842842
439,62dbf9762dd27153fa1165c6,4,419,419419419419
439,63019af0cfbe57f02aa468f4,2,1528,15281528
440,62dbf9762dd27153fa11656a,4,505,505505505505
440,62dbf9762dd27153fa1165e9,2,980,980980
440,62dbf9762dd27153fa1165eb,1,1081,1081
440,62dbf9762dd27153fa1165e8,4,726,726726726726
441,62dbf9762dd27153fa1165ed,1,1484,1484
442,62dbf9762dd27153fa11656b,3,1367,136713671367
442,62dbf9762dd27153fa1165e8,1,726,726
443,63019af0cfbe57f02aa468f6,3,1057,105710571057
443,62dbf9762dd27153fa1165d5,5,1377,13771377137713771377
443,62dbf9762dd27153fa1165f1,3,737,737737737
443,62dbf9762dd27153fa1165a6,4,784,784784784784
443,63019af0cfbe57f02aa468fd,1,1583,1583
444,62dbf9762dd27153fa1165a9,4,1368,1368136813681368
444,62dbf9762dd27153fa11653a,1,670,670
445,62dbf9762dd27153fa116586,4,357,357357357357
445,62dbf9762dd27153fa1165d7,2,600,600600
446,62dbf9762dd27153fa1165ad,3,359,359359359
446,62dbf9762dd27153fa116547,5,1552,15521552155215521552
446,62dbf9762dd27153fa11656a,3,505,505505505
446,62dbf9762dd27153fa1165ea,3,436,436436436
447,62dbf9762dd27153fa11659f,5,448,448448448448448
447,62fe9e991045919477a1bccf,1,177,177
447,63019af0cfbe57f02aa468f2,2,610,610610
447,62dbf9762dd27153fa1165e5,3,329,329329329
447,62fe9e991045919477a1bcc7,2,1283,12831283
448,63019af0cfbe57f02aa468f8,2,888,888888
448,62dbf9762dd27153fa11655c,4,1907,1907190719071907
448,62dbf9762dd27153fa1165e6,4,1956,1956195619561956
448,62dbf9762dd27153fa116587,1,496,496
449,62dbf9762dd27153fa1165ac,5,1320,13201320132013201320
449,62dbf9762dd27153fa1165a3,2,753,753753
450,62dbf9762dd27153fa1165c8,1,624,624
450,62dbf9762dd27153fa116561,5,808,808808808808808
450,62dbf9762dd27153fa1165c5,4,1581,1581158115811581
450,62fe9e991045919477a1bcc9,1,1311,1311
450,62dbf9762dd27153fa1165ef,5,1411,14111411141114111411
451,62dbf9762dd27153fa11659f,3,448,448448448
451,63019af0cfbe57f02aa468f2,3,610,610610610
451,62fe9e991045919477a1bcc5,4,830,830830830830
451,62dbf9762dd27153fa1165be,2,701,701701
452,62dbf9762dd27153fa116582,2,1592,15921592
452,62dbf9762dd27153fa1165cf,1,940,940
452,62dbf9762dd27153fa1165da,1,241,241
452,62dbf9762dd27153fa116545,4,561,561561561561
453,62dbf9762dd27153fa1165df,3,774,774774774
453,62dbf9762dd27153fa11653c,5,683,683683683683683
453,62dbf9762dd27153fa1165d1,3,637,637637637
453,62dbf9762dd27153fa116588,4,945,945945945945
453,63019af0cfbe57f02aa468f0,5,1148,11481148114811481148
454,62dbf9762dd27153fa11655d,2,365,365365
454,62dbf9762dd27153fa1165c6,3,419,419419419
455,62dbf9762dd27153fa116590,5,1984,19841984198419841984
455,62dbf9762dd27153fa1165b6,4,998,998998998998
455,62dbf9762dd27153fa116563,2,925,925925
455,62dbf9762dd27153fa116537,2,578,578578
455,62dbf9762dd27153fa11657e,1,1121,1121
456,62dbf9762dd27153fa1165d8,1,179,179
457,62dbf9762dd27153fa116555,2,256,256256
457,62dbf9762dd27153fa1165a6,1,784,784
458,63019af0cfbe57f02aa468f8,5,888,888888888888888
458,62dbf9762dd27153fa1165a2,2,1687,16871687
458,62dbf9762dd27153fa11658f,1,1169,1169
458,62dbf9762dd27153fa1165e2,3,436,436436436
458,62dbf9762dd27153fa116596,2,577,577577
459,62fe9e991045919477a1bcc8,5,1572,15721572157215721572
459,62dbf9762dd27153fa11653d,4,490,490490490490
459,62dbf9762dd27153fa1165a0,3,786,786786786
459,62fe9e991045919477a1bcc9,3,1311,131113111311
460,62dbf9762dd27153fa116563,4,925,925925925925
460,62dbf9762dd27153fa1165ec,3,889,889889889
461,62dbf9762dd27153fa11659d,4,863,863863863863
461,62dbf9762dd27153fa1165a4,3,131,131131131
461,63019af0cfbe57f02aa468f2,3,610,610610610
462,62dbf9762dd27153fa116564,1,784,784
462,62dbf9762dd27153fa11653d,3,490,490490490
463,62dbf9762dd27153fa116580,4,1927,1927192719271927
463,62dbf9762dd27153fa116566,2,451,451451
464,62dbf9762dd27153fa1165c8,2,624,624624
465,62dbf9762dd27153fa1165cb,5,414,414414414414414
465,62dbf9762dd27153fa11658f,3,1169,116911691169
465,62dbf9762dd27153fa116565,2,131,131131
465,62dbf9762dd27153fa1165f2,5,1590,15901590159015901590
466,62dbf9762dd27153fa1165c6,3,419,419419419
466,62dbf9762dd27153fa116547,1,1552,1552
466,62dbf9762dd27153fa116547,1,1552,1552
467,62dbf9762dd27153fa11658e,4,406,406406406406
467,62dbf9762dd27153fa11659c,2,220,220220
467,63019af0cfbe57f02aa468f0,4,1148,1148114811481148
467,63019af0cfbe57f02aa468f9,5,1508,15081508150815081508
467,62dbf9762dd27153fa116559,1,332,332
468,62dbf9762dd27153fa11659e,3,628,628628628
468,62dbf9762dd27153fa1165a6,2,784,784784
468,62dbf9762dd27153fa1165f1,5,737,737737737737737
468,62dbf9762dd27153fa1165aa,2,361,361361
468,62dbf9762dd27153fa11654e,4,446,446446446446
469,62dbf9762dd27153fa11659a,3,1212,121212121212
469,62dbf9762dd27153fa11654d,4,1009,1009100910091009
469,62dbf9762dd27153fa11657f,5,2069,20692069206920692069
470,62dbf9762dd27153fa116584,4,615,615615615615
470,62dbf9762dd27153fa11658d,3,1588,158815881588
470,62dbf9762dd27153fa1165df,2,774,774774
471,62dbf9762dd27153fa1165f2,4,1590,1590159015901590
471,62dbf9762dd27153fa1165b8,2,137,137137
472,62dbf9762dd27153fa1165d9,3,101,101101101
472,62dbf9762dd27153fa1165af,4,1038,1038103810381038
472,62dbf9762dd27153fa1165ab,4,174,174174174174
472,62dbf9762dd27153fa1165b4,3,1650,165016501650
472,62dbf9762dd27153fa1165ce,3,870,870870870
473,62dbf9762dd27153fa1165dc,2,1248,12481248
474,62dbf9762dd27153fa1165b7,3,214,214214214
474,62dbf9762dd27153fa11655d,2,365,365365
474,62dbf9762dd27153fa116543,4,1593,1593159315931593
474,62dbf9762dd27153fa116560,4,910,910910910910
474,62dbf9762dd27153fa1165b3,2,1432,14321432
475,62dbf9762dd27153fa116553,5,273,273273273273273
475,62dbf9762dd27153fa11654a,4,1707,1707170717071707
476,62dbf9762dd27153fa116585,3,483,483483483
476,62dbf9762dd27153fa1165b5,2,796,796796
476,63019af0cfbe57f02aa468fe,2,954,954954
476,62dbf9762dd27153fa116538,1,1185,1185
477,62dbf9762dd27153fa1165a5,3,174,174174174
477,62dbf9762dd27153fa11653a,3,670,670670670
477,62dbf9762dd27153fa11656b,3,1367,136713671367
478,62dbf9762dd27153fa11654c,5,346,346346346346346
478,62dbf9762dd27153fa11654e,4,446,446446446446
478,62dbf9762dd27153fa1165cc,5,1935,19351935193519351935
478,62dbf9762dd27153fa1165bf,1,305,305
479,62dbf9762dd27153fa1165b0,4,1603,1603160316031603
480,62dbf9762dd27153fa116583,5,176,176176176176176
480,62dbf9762dd27153fa116596,1,577,577
481,62dbf9762dd27153fa11654f,3,644,644644644
481,62dbf9762dd27153fa1165cf,1,940,940
481,62dbf9762dd27153fa1165e8,3,726,726726726
482,62dbf9762dd27153fa116544,1,502,502
482,62dbf9762dd27153fa1165b8,1,137,137
483,62dbf9762dd27153fa116584,3,615,615615615
483,62dbf9762dd27153fa116563,5,925,925925925925925
483,62dbf9762dd27153fa1165e3,5,905,905905905905905
484,62dbf9762dd27153fa1165ba,3,1968,196819681968
484,62dbf9762dd27153fa1165b5,4,796,796796796796
484,62dbf9762dd27153fa1165ed,5,1484,14841484148414841484
485,62dbf9762dd27153fa11658b,4,1214,1214121412141214
485,62dbf9762dd27153fa11655e,3,327,327327327
485,62dbf9762dd27153fa1165ea,5,436,436436436436436
485,62dbf9762dd27153fa1165b8,1,137,137
486,62dbf9762dd27153fa11654e,4,446,446446446446
486,62dbf9762dd27153fa1165b8,2,137,137137
486,63019af0cfbe57f02aa468f0,4,1148,1148114811481148
486,62dbf9762dd27153fa11653b,3,1092,109210921092
486,62dbf9762dd27153fa1165c0,4,798,798798798798
487,62dbf9762dd27153fa1165e7,3,73,737373
487,62dbf9762dd27153fa116558,2,606,606606
487,62dbf9762dd27153fa1165c5,2,1581,15811581
487,62dbf9762dd27153fa1165ee,1,993,993
487,62dbf9762dd27153fa116546,5,651,651651651651651
488,62dbf9762dd27153fa116543,4,1593,1593159315931593
489,62dbf9762dd27153fa1165b3,1,1432,1432
489,62dbf9762dd27153fa116559,1,332,332
489,62dbf9762dd27153fa1165d9,5,101,101101101101101
490,62dbf9762dd27153fa11654b,5,1417,14171417141714171417
491,63019af0cfbe57f02aa468fa,5,381,381381381381381
492,62dbf9762dd27153fa1165da,2,241,241241
492,62fe9e991045919477a1bccf,5,177,177177177177177
492,62dbf9762dd27153fa116586,3,357,357357357
492,62dbf9762dd27153fa11655e,1,327,327
493,62dbf9762dd27153fa11656b,4,1367,1367136713671367
493,62dbf9762dd27153fa1165cf,2,940,940940
493,62fe9e991045919477a1bcc5,5,830,830830830830830
493,62dbf9762dd27153fa116581,3,78,787878
494,63019af0cfbe57f02aa468f3,1,1019,1019
494,62dbf9762dd27153fa11657e,5,1121,11211121112111211121
494,62dbf9762dd27153fa1165e3,1,905,905
494,62dbf9762dd27153fa1165b5,5,796,796796796796796
495,62dbf9762dd27153fa1165dd,2,557,557557
495,62dbf9762dd27153fa1165cb,5,414,414414414414414
495,62dbf9762dd27153fa1165ca,5,1406,14061406140614061406
495,62dbf9762dd27153fa11658c,1,371,371
496,62fe9e991045919477a1bcd0,3,1959,195919591959
496,63019af0cfbe57f02aa468f7,3,1137,113711371137
496,62dbf9762dd27153fa116580,4,1927,1927192719271927
496,62dbf9762dd27153fa116554,2,529,529529
497,62dbf9762dd27153fa116549,2,681,681681
497,63019af0cfbe57f02aa468fc,2,1707,17071707
497,62dbf9762dd27153fa1165f1,3,737,737737737
497,62dbf9762dd27153fa116563,3,925,925925925
497,62dbf9762dd27153fa1165d5,4,1377,1377137713771377
498,62dbf9762dd27153fa116594,5,166,166166166166166
498,62dbf9762dd27153fa11655b,4,925,925925925925
498,62dbf9762dd27153fa1165a0,4,786,786786786786
499,62dbf9762dd27153fa1165d6,2,1145,11451145
499,63019af0cfbe57f02aa468f6,5,1057,10571057105710571057
499,62dbf9762dd27153fa1165d0,2,943,943943
499,62dbf9762dd27153fa1165a3,5,753,753753753753753
500,62fe9e991045919477a1bccd,2,897,897897
501,62dbf9762dd27153fa1165ab,5,174,174174174174174
501,62dbf9762dd27153fa1165c0,3,798,798798798
501,62dbf9762dd27153fa1165ee,4,993,993993993993
501,62dbf9762dd27153fa11653b,5,1092,10921092109210921092
501,62dbf9762dd27153fa116538,5,1185,11851185118511851185
502,62dbf9762dd27153fa116564,3,784,784784784
502,62dbf9762dd27153fa116561,2,808,808808
502,62dbf9762dd27153fa1165a1,2,1175,11751175
503,62dbf9762dd27153fa116562,1,1689,1689
503,62fe9e991045919477a1bccc,2,848,848848
503,62dbf9762dd27153fa1165c8,2,624,624624
503,62fe9e991045919477a1bccc,5,848,848848848848848
503,62dbf9762dd27153fa1165ab,2,174,174174
504,62dbf9762dd27153fa1165c9,2,882,882882
504,62dbf9762dd27153fa116560,5,910,910910910910910
505,62dbf9762dd27153fa11655e,4,327,327327327327
505,62dbf9762dd27153fa1165d5,2,1377,13771377
506,62dbf9762dd27153fa1165e2,3,436,436436436
506,62dbf9762dd27153fa1165ac,5,1320,13201320132013201320
506,62dbf9762dd27153fa1165f2,2,1590,15901590
506,62dbf9762dd27153fa1165c8,1,624,624
507,62dbf9762dd27153fa1165ac,2,1320,13201320
507,62dbf9762dd27153fa1165d3,2,1837,18371837
507,62dbf9762dd27153fa11657d,2,707,707707
507,62fe9e991045919477a1bcc7,2,1283,12831283
507,62dbf9762dd27153fa11653b,4,1092,1092109210921092
508,62dbf9762dd27153fa1165a2,2,1687,16871687
508,62dbf9762dd27153fa1165d4,3,800,800800800
508,62dbf9762dd27153fa11658b,3,1214,121412141214
509,62dbf9762dd27153fa116540,5,621,621621621621621
509,62dbf9762dd27153fa1165ed,2,1484,14841484
509,62dbf9762dd27153fa1165b0,1,1603,1603
510,62dbf9762dd27153fa11658a,2,1009,10091009
510,62dbf9762dd27153fa11659c,4,220,220220220220
510,62dbf9762dd27153fa116589,2,623,623623
510,62dbf9762dd27153fa11656b,5,1367,13671367136713671367
511,62dbf9762dd27153fa1165c6,1,419,419
511,62dbf9762dd27153fa11653f,1,614,614
511,62dbf9762dd27153fa1165d3,4,1837,1837183718371837
511,62dbf9762dd27153fa11655e,1,327,327
511,63019af0cfbe57f02aa468f7,5,1137,11371137113711371137
512,62fe9e991045919477a1bcce,1,694,694
512,62dbf9762dd27153fa11655d,4,365,365365365365
513,62dbf9762dd27153fa1165dc,5,1248,12481248124812481248
513,62dbf9762dd27153fa116557,1,1517,1517
514,62dbf9762dd27153fa11653e,2,1847,18471847
514,62dbf9762dd27153fa1165ef,5,1411,14111411141114111411
514,62fe9e991045919477a1bcce,5,694,694694694694694
514,62dbf9762dd27153fa1165bf,4,305,305305305305
514,62dbf9762dd27153fa1165b7,3,214,214214214
515,62dbf9762dd27153fa1165e1,1,345,345
516,62dbf9762dd27153fa116542,5,1882,18821882188218821882
516,62dbf9762dd27153fa11654e,5,446,446446446446446
517,62dbf9762dd27153fa116569,2,2002,20022002
518,62dbf9762dd27153fa1165af,4,1038,1038103810381038
518,62dbf9762dd27153fa1165a4,2,131,131131
518,62dbf9762dd27153fa1165a2,1,1687,1687
518,62dbf9762dd27153fa1165d6,1,1145,1145
518,62dbf9762dd27153fa11657d,2,707,707707
519,62dbf9762dd27153fa1165ed,2,1484,14841484
519,62dbf9762dd27153fa11655a,1,912,912
520,62dbf9762dd27153fa1165db,4,661,661661661661
520,62fe9e991045919477a1bccc,5,848,848848848848848
521,62dbf9762dd27153fa1165a5,2,174,174174
522,62dbf9762dd27153fa1165e8,4,726,726726726726
522,62dbf9762dd27153fa1165cd,5,1525,15251525152515251525
523,62fe9e991045919477a1bcc6,2,1057,10571057
523,62dbf9762dd27153fa11653d,4,490,490490490490
523,62dbf9762dd27153fa1165c6,3,419,419419419
523,62fe9e991045919477a1bcc8,4,1572,1572157215721572
523,62dbf9762dd27153fa116538,3,1185,118511851185
524,62dbf9762dd27153fa1165d2,3,464,464464464
524,62dbf9762dd27153fa1165c6,2,419,419419
524,62dbf9762dd27153fa1165b9,2,525,525525
525,63019af0cfbe57f02aa468f4,4,1528,1528152815281528
525,62dbf9762dd27153fa1165cf,3,940,940940940
525,62dbf9762dd27153fa1165a4,1,131,131
525,62dbf9762dd27153fa1165ed,4,1484,1484148414841484
525,62dbf9762dd27153fa11655b,3,925,925925925
526,62dbf9762dd27153fa1165de,4,497,497497497497
527,62dbf9762dd27153fa1165d2,1,464,464
527,62dbf9762dd27153fa116557,2,1517,15171517
527,62dbf9762dd27153fa1165bf,1,305,305
528,62dbf9762dd27153fa1165c2,5,657,657657657657657
528,62dbf9762dd27153fa1165d7,2,600,600600
528,62dbf9762dd27153fa1165ea,4,436,436436436436
529,62dbf9762dd27153fa1165ae,4,1321,1321132113211321
529,62dbf9762dd27153fa11653d,1,490,490
529,62dbf9762dd27153fa1165e0,3,1609,160916091609
530,62dbf9762dd27153fa11658e,1,406,406
530,62dbf9762dd27153fa1165c4,3,829,829829829
530,62dbf9762dd27153fa11658b,3,1214,121412141214
530,62fe9e991045919477a1bcc1,4,552,552552552552
530,62dbf9762dd27153fa116558,4,606,606606606606
531,62dbf9762dd27153fa116569,4,2002,2002200220022002
531,62dbf9762dd27153fa1165a3,2,753,753753
531,62dbf9762dd27153fa116557,4,1517,1517151715171517
531,62dbf9762dd27153fa116580,2,1927,19271927
532,62dbf9762dd27153fa116559,2,332,332332
532,62dbf9762dd27153fa116598,5,885,885885885885885
532,62dbf9762dd27153fa116557,5,1517,15171517151715171517
532,62fe9e991045919477a1bcc2,4,1560,1560156015601560
533,62fe9e991045919477a1bcc8,2,1572,15721572
533,62dbf9762dd27153fa11654b,2,1417,14171417
533,62dbf9762dd27153fa1165be,1,701,701
534,62dbf9762dd27153fa1165e0,2,1609,16091609
534,62fe9e991045919477a1bcc2,1,1560,1560
534,62dbf9762dd27153fa1165d9,4,101,101101101101
534,62dbf9762dd27153fa116589,1,623,623
535,62dbf9762dd27153fa1165a1,3,1175,117511751175
535,62dbf9762dd27153fa1165b7,5,214,214214214214214
536,62dbf9762dd27153fa116565,5,131,131131131131131
536,62dbf9762dd27153fa1165d1,3,637,637637637
536,62dbf9762dd27153fa1165a1,3,1175,117511751175
537,62dbf9762dd27153fa1165db,1,661,661
537,62dbf9762dd27153fa1165ef,3,1411,141114111411
538,62dbf9762dd27153fa1165cb,4,414,414414414414
538,62dbf9762dd27153fa1165ca,1,1406,1406
539,62dbf9762dd27153fa116580,4,1927,1927192719271927
539,62dbf9762dd27153fa116561,3,808,808808808
539,62dbf9762dd27153fa1165a4,1,131,131
539,62dbf9762dd27153fa11655d,5,365,365365365365365
540,62dbf9762dd27153fa116591,5,1625,16251625162516251625
540,63019af0cfbe57f02aa468f7,3,1137,113711371137
540,62dbf9762dd27153fa11654e,1,446,446
541,62dbf9762dd27153fa1165c3,4,1306,1306130613061306
541,62dbf9762dd27153fa1165a7,4,1058,1058105810581058
542,62dbf9762dd27153fa116539,5,1963,19631963196319631963
542,62dbf9762dd27153fa116593,5,593,593593593593593
542,62dbf9762dd27153fa11655f,4,284,284284284284
543,62dbf9762dd27153fa116586,3,357,357357357
543,63019af0cfbe57f02aa468f8,2,888,888888
543,63019af0cfbe57f02aa468fc,5,1707,17071707170717071707
543,62dbf9762dd27153fa1165f2,3,1590,159015901590
543,62dbf9762dd27153fa1165d5,2,1377,13771377
544,62dbf9762dd27153fa1165b4,4,1650,1650165016501650
544,62dbf9762dd27153fa116564,1,784,784
544,62dbf9762dd27153fa1165a2,4,1687,1687168716871687
545,62dbf9762dd27153fa11656b,4,1367,1367136713671367
546,62dbf9762dd27153fa1165d4,2,800,800800
547,62dbf9762dd27153fa11653d,2,490,490490
548,62dbf9762dd27153fa1165dc,4,1248,1248124812481248
548,63019af0cfbe57f02aa468fd,1,1583,1583
549,62dbf9762dd27153fa116548,4,524,524524524524
549,62dbf9762dd27153fa116539,4,1963,1963196319631963
549,63019af0cfbe57f02aa468f0,1,1148,1148
549,62dbf9762dd27153fa1165dc,3,1248,124812481248
549,62dbf9762dd27153fa11659d,5,863,863863863863863
550,62fe9e991045919477a1bccf,1,177,177
551,62dbf9762dd27153fa1165ac,3,1320,132013201320
552,63019af0cfbe57f02aa468fc,4,1707,1707170717071707
552,62dbf9762dd27153fa1165ae,2,1321,13211321
552,62dbf9762dd27153fa1165f1,3,737,737737737
553,62dbf9762dd27153fa11658c,5,371,371371371371371
554,62dbf9762dd27153fa1165e9,5,980,980980980980980
555,62dbf9762dd27153fa1165e4,2,842,842842
555,62dbf9762dd27153fa11655f,2,284,284284
555,62dbf9762dd27153fa1165a8,3,1612,161216121612
555,62dbf9762dd27153fa1165c6,3,419,419419419
555,62dbf9762dd27153fa11659e,5,628,628628628628628
556,63019af0cfbe57f02aa468f4,1,1528,1528
556,62dbf9762dd27153fa116597,2,823,823823
556,62dbf9762dd27153fa116580,5,1927,19271927192719271927
556,62dbf9762dd27153fa116566,1,451,451
557,62dbf9762dd27153fa116559,5,332,332332332332332
558,62dbf9762dd27153fa11657f,2,2069,20692069
558,62dbf9762dd27153fa11653c,5,683,683683683683683
558,62dbf9762dd27153fa116547,3,1552,155215521552
558,63019af0cfbe57f02aa468f6,3,1057,105710571057
559,62dbf9762dd27153fa116582,3,1592,159215921592
559,62fe9e991045919477a1bcc6,1,1057,1057
559,62dbf9762dd27153fa1165e6,3,1956,195619561956
559,62dbf9762dd27153fa1165ad,2,359,359359
560,62dbf9762dd27153fa1165b0,4,1603,1603160316031603
560,62dbf9762dd27153fa1165e0,4,1609,1609160916091609
560,62dbf9762dd27153fa116569,4,2002,2002200220022002
560,62dbf9762dd27153fa1165e1,3,345,345345345
561,62dbf9762dd27153fa11659d,1,863,863
561,62fe9e991045919477a1bccf,1,177,177
561,62dbf9762dd27153fa116581,1,78,78
561,62dbf9762dd27153fa1165b0,5,1603,16031603160316031603
561,62dbf9762dd27153fa11653d,4,490,490490490490
562,62fe9e991045919477a1bccf,4,177,177177177177
562,62dbf9762dd27153fa1165bf,2,305,305305
562,62dbf9762dd27153fa1165a5,1,174,174
563,62dbf9762dd27153fa1165eb,1,1081,1081
563,63019af0cfbe57f02aa468f5,3,698,698698698
563,62dbf9762dd27153fa1165aa,5,361,361361361361361
563,62dbf9762dd27153fa1165eb,1,1081,1081
564,62dbf9762dd27153fa11659c,2,220,220220
564,63019af0cfbe57f02aa468f7,3,1137,113711371137
565,62dbf9762dd27153fa11657f,1,2069,2069
565,62dbf9762dd27153fa11659a,4,1212,1212121212121212
565,62dbf9762dd27153fa11657e,5,1121,11211121112111211121
565,62dbf9762dd27153fa1165e0,5,1609,16091609160916091609
565,62dbf9762dd27153fa1165c4,5,829,829829829829829
566,62dbf9762dd27153fa1165d9,5,101,101101101101101
566,62dbf9762dd27153fa116545,2,561,561561
567,62dbf9762dd27153fa116543,5,1593,15931593159315931593
567,62dbf9762dd27153fa116562,5,1689,16891689168916891689
568,62dbf9762dd27153fa1165c8,1,624,624
568,62dbf9762dd27153fa1165f1,5,737,737737737737737
568,62fe9e991045919477a1bcc7,1,1283,1283
568,62dbf9762dd27153fa116582,4,1592,1592159215921592
569,62dbf9762dd27153fa116556,4,717,717717717717
569,62dbf9762dd27153fa116565,1,131,131
569,62dbf9762dd27153fa1165df,3,774,774774774
569,62dbf9762dd27153fa1165b9,1,525,525
570,62dbf9762dd27153fa1165b4,5,1650,16501650165016501650
570,62dbf9762dd27153fa1165b3,4,1432,1432143214321432
570,62dbf9762dd27153fa1165b3,2,1432,14321432
570,62dbf9762dd27153fa1165a9,5,1368,13681368136813681368
571,62fe9e991045919477a1bcc9,1,1311,1311
571,62dbf9762dd27153fa1165ad,4,359,359359359359
571,62dbf9762dd27153fa11658c,4,371,371371371371
572,62dbf9762dd27153fa1165a4,2,131,131131
572,63019af0cfbe57f02aa468f3,4,1019,1019101910191019
572,62dbf9762dd27153fa1165ad,3,359,359359359
573,62dbf9762dd27153fa11657e,2,1121,11211121
573,63019af0cfbe57f02aa468f1,5,649,649649649649649
573,62dbf9762dd27153fa11654e,2,446,446446
573,62dbf9762dd27153fa1165cc,1,1935,1935
573,62dbf9762dd27153fa11659c,2,220,220220
574,62dbf9762dd27153fa116581,3,78,787878
574,62dbf9762dd27153fa116545,1,561,561
574,62dbf9762dd27153fa1165f2,3,1590,159015901590
574,62dbf9762dd27153fa1165b8,5,137,137137137137137
575,62dbf9762dd27153fa11653c,3,683,683683683
575,62dbf9762dd27153fa1165a8,1,1612,1612
576,63019af0cfbe57f02aa468f5,4,698,698698698698
576,62dbf9762dd27153fa1165d8,4,179,179179179179
576,62dbf9762dd27153fa1165c1,1,1405,1405
577,62fe9e991045919477a1bccd,3,897,897897897
578,62dbf9762dd27153fa11659c,2,220,220220
578,62dbf9762dd27153fa116581,5,78,7878787878
578,63019af0cfbe57f02aa468ff,3,1054,105410541054
579,62dbf9762dd27153fa11657e,2,1121,11211121
579,62dbf9762dd27153fa116566,4,451,451451451451
579,62dbf9762dd27153fa1165b0,4,1603,1603160316031603
579,62dbf9762dd27153fa116557,3,1517,151715171517
580,62dbf9762dd27153fa1165e1,4,345,345345345345
580,62dbf9762dd27153fa1165f2,3,1590,159015901590
581,62dbf9762dd27153fa116546,2,651,651651
581,62dbf9762dd27153fa11656a,4,505,505505505505
582,62dbf9762dd27153fa116555,4,256,256256256256
582,62dbf9762dd27153fa1165bc,5,146,146146146146146
582,62dbf9762dd27153fa1165d5,5,1377,13771377137713771377
582,62dbf9762dd27153fa116594,5,166,166166166166166
583,62dbf9762dd27153fa1165d8,4,179,179179179179
583,62dbf9762dd27153fa116582,1,1592,1592
584,62dbf9762dd27153fa11658c,1,371,371
584,62dbf9762dd27153fa11657f,1,2069,2069
584,62dbf9762dd27153fa1165a4,5,131,131131131131131
585,62dbf9762dd27153fa116559,1,332,332
585,62dbf9762dd27153fa1165c4,3,829,829829829
585,63019af0cfbe57f02aa468fa,1,381,381
586,62fe9e991045919477a1bccd,3,897,897897897
586,62fe9e991045919477a1bcc8,1,1572,1572
587,62dbf9762dd27153fa1165a4,5,131,131131131131131
587,62dbf9762dd27153fa1165b4,4,1650,1650165016501650
588,62dbf9762dd27153fa1165b0,5,1603,16031603160316031603
588,62dbf9762dd27153fa1165e1,1,345,345
589,62dbf9762dd27153fa116545,2,561,561561
589,62dbf9762dd27153fa11654a,5,1707,17071707170717071707
589,62dbf9762dd27153fa1165a1,1,1175,1175
589,62dbf9762dd27153fa1165f1,2,737,737737
590,62dbf9762dd27153fa11653e,5,1847,18471847184718471847
590,62dbf9762dd27153fa1165ec,1,889,889
591,62dbf9762dd27153fa1165cb,3,414,414414414
591,62dbf9762dd27153fa11655a,2,912,912912
591,62dbf9762dd27153fa116588,5,945,945945945945945
592,62dbf9762dd27153fa116544,5,502,502502502502502
592,62dbf9762dd27153fa11658c,3,371,371371371
593,62dbf9762dd27153fa11658c,2,371,371371
593,62dbf9762dd27153fa11658a,4,1009,1009100910091009
594,62dbf9762dd27153fa11654c,3,346,346346346
594,62dbf9762dd27153fa11654d,4,1009,1009100910091009
594,62dbf9762dd27153fa1165bf,2,305,305305
594,62dbf9762dd27153fa116597,3,823,823823823
594,62dbf9762dd27153fa1165ef,1,1411,1411
595,62dbf9762dd27153fa116550,5,1287,12871287128712871287
595,62dbf9762dd27153fa11653f,4,614,614614614614
595,62dbf9762dd27153fa1165b3,5,1432,14321432143214321432
596,62dbf9762dd27153fa11653a,4,670,670670670670
596,62dbf9762dd27153fa11657d,2,707,707707
596,62dbf9762dd27153fa1165a0,1,786,786
597,62dbf9762dd27153fa116562,1,1689,1689
597,62dbf9762dd27153fa116551,2,1236,12361236
597,62fe9e991045919477a1bccc,4,848,848848848848
597,62dbf9762dd27153fa116581,4,78,78787878
597,62fe9e991045919477a1bccc,1,848,848
598,62dbf9762dd27153fa1165b0,5,1603,16031603160316031603
598,63019af0cfbe57f02aa468f0,5,1148,11481148114811481148
598,62dbf9762dd27153fa11654d,3,1009,100910091009
598,62dbf9762dd27153fa116543,4,1593,1593159315931593
598,62dbf9762dd27153fa1165c2,5,657,657657657657657
599,62dbf9762dd27153fa1165b5,4,796,796796796796
599,62dbf9762dd27153fa116557,5,1517,15171517151715171517
600,62dbf9762dd27153fa11659d,2,863,863863
600,62dbf9762dd27153fa116581,1,78,78
601,63019af0cfbe57f02aa468fc,3,1707,170717071707
601,62dbf9762dd27153fa1165b3,5,1432,14321432143214321432
601,62dbf9762dd27153fa11653a,1,670,670
602,62dbf9762dd27153fa116582,2,1592,15921592
602,62fe9e991045919477a1bcc7,4,1283,1283128312831283
602,62fe9e991045919477a1bcd0,5,1959,19591959195919591959
602,62dbf9762dd27153fa116552,4,255,255255255255
603,62dbf9762dd27153fa1165e7,4,73,73737373
604,62dbf9762dd27153fa116590,2,1984,19841984
605,62dbf9762dd27153fa116537,4,578,578578578578
605,62dbf9762dd27153fa1165ad,5,359,359359359359359
605,62dbf9762dd27153fa1165a7,4,1058,1058105810581058
606,62dbf9762dd27153fa1165eb,4,1081,1081108110811081
606,62dbf9762dd27153fa116568,3,599,599599599
606,62dbf9762dd27153fa1165d3,4,1837,1837183718371837
607,62dbf9762dd27153fa1165a8,5,1612,16121612161216121612
607,62dbf9762dd27153fa1165ea,4,436,436436436436
607,62dbf9762dd27153fa116540,5,621,621621621621621
608,62dbf9762dd27153fa116599,1,491,491
608,62dbf9762dd27153fa116558,5,606,606606606606606
608,63019af0cfbe57f02aa468ff,5,1054,10541054105410541054
609,62dbf9762dd27153fa116587,2,496,496496
609,62dbf9762dd27153fa1165f1,4,737,737737737737
609,62dbf9762dd27153fa11653c,5,683,683683683683683
610,62dbf9762dd27153fa1165cf,2,940,940940
610,62dbf9762dd27153fa11653c,5,683,683683683683683
610,62dbf9762dd27153fa1165ba,1,1968,1968
610,62dbf9762dd27153fa116553,5,273,273273273273273
611,62dbf9762dd27153fa11654e,5,446,446446446446446
612,62fe9e991045919477a1bccf,5,177,177177177177177
613,62dbf9762dd27153fa116557,1,1517,1517
613,62dbf9762dd27153fa11659d,5,863,863863863863863
613,62dbf9762dd27153fa116539,5,1963,19631963196319631963
614,62dbf9762dd27153fa1165dc,5,1248,12481248124812481248
614,62dbf9762dd27153fa1165ca,5,1406,14061406140614061406
615,62dbf9762dd27153fa116560,3,910,910910910
615,63019af0cfbe57f02aa468f2,1,610,610
615,62dbf9762dd27153fa116594,4,166,166166166166
616,62dbf9762dd27153fa1165e7,2,73,7373
616,62fe9e991045919477a1bcd0,3,1959,195919591959
616,62dbf9762dd27153fa11654d,4,1009,1009100910091009
616,62dbf9762dd27153fa1165a1,2,1175,11751175
616,62dbf9762dd27153fa1165b1,5,214,214214214214214
617,62fe9e991045919477a1bcc1,3,552,552552552
617,62dbf9762dd27153fa1165a0,5,786,786786786786786
617,62dbf9762dd27153fa1165c8,2,624,624624
618,62dbf9762dd27153fa1165d3,4,1837,1837183718371837
618,62fe9e991045919477a1bccc,2,848,848848
618,62dbf9762dd27153fa1165f2,4,1590,1590159015901590
618,62dbf9762dd27153fa1165c7,4,433,433433433433
619,62dbf9762dd27153fa11656b,4,1367,1367136713671367
619,62dbf9762dd27153fa1165c2,4,657,657657657657
620,62fe9e991045919477a1bccc,5,848,848848848848848
620,62dbf9762dd27153fa1165ad,3,359,359359359
621,63019af0cfbe57f02aa468f2,3,610,610610610
621,62dbf9762dd27153fa1165e8,5,726,726726726726726
621,62dbf9762dd27153fa11659a,2,1212,12121212
621,63019af0cfbe57f02aa468f0,1,1148,1148
621,62dbf9762dd27153fa116599,3,491,491491491
622,62dbf9762dd27153fa1165a9,1,1368,1368
623,62dbf9762dd27153fa11658b,4,1214,1214121412141214
623,62fe9e991045919477a1bcd0,3,1959,195919591959
623,62dbf9762dd27153fa11656b,3,1367,136713671367
623,62dbf9762dd27153fa1165df,2,774,774774
623,62dbf9762dd27153fa11654b,5,1417,14171417141714171417
624,62dbf9762dd27153fa11654a,1,1707,1707
625,62dbf9762dd27153fa1165ed,3,1484,148414841484
625,62dbf9762dd27153fa1165e7,1,73,73
625,63019af0cfbe57f02aa468fe,3,954,954954954
626,62dbf9762dd27153fa1165c5,2,1581,15811581
626,62dbf9762dd27153fa116585,5,483,483483483483483
626,62dbf9762dd27153fa1165d5,5,1377,13771377137713771377
626,62dbf9762dd27153fa1165ca,5,1406,14061406140614061406
627,62dbf9762dd27153fa116556,3,717,717717717
628,62dbf9762dd27153fa11658f,1,1169,1169
628,62dbf9762dd27153fa1165e5,5,329,329329329329329
629,62dbf9762dd27153fa116553,1,273,273
629,62dbf9762dd27153fa1165ce,3,870,870870870
629,62dbf9762dd27153fa116583,5,176,176176176176176
630,62dbf9762dd27153fa11658b,4,1214,1214121412141214
630,62dbf9762dd27153fa1165c9,4,882,882882882882
630,62dbf9762dd27153fa1165cd,2,1525,15251525
630,62dbf9762dd27153fa1165a7,3,1058,105810581058
630,63019af0cfbe57f02aa468f5,5,698,698698698698698
631,62dbf9762dd27153fa116554,5,529,529529529529529
631,62dbf9762dd27153fa11655e,1,327,327
631,62dbf9762dd27153fa1165ee,4,993,993993993993
631,62dbf9762dd27153fa1165b6,2,998,998998
631,62dbf9762dd27153fa11653a,2,670,670670
632,62dbf9762dd27153fa116559,4,332,332332332332
633,62dbf9762dd27153fa116547,1,1552,1552
634,63019af0cfbe57f02aa468fd,3,1583,158315831583
634,62dbf9762dd27153fa116550,1,1287,1287
634,62fe9e991045919477a1bcc9,2,1311,13111311
634,62dbf9762dd27153fa1165bd,5,575,575575575575575
635,62dbf9762dd27153fa116536,2,383,383383
636,63019af0cfbe57f02aa468f8,4,888,888888888888
636,62dbf9762dd27153fa116538,2,1185,11851185
636,62dbf9762dd27153fa1165d2,1,464,464
636,62dbf9762dd27153fa1165c2,5,657,657657657657657
636,63019af0cfbe57f02aa468f3,5,1019,10191019101910191019
637,62dbf9762dd27153fa1165a9,5,1368,13681368136813681368
637,62dbf9762dd27153fa1165b5,2,796,796796
637,62dbf9762dd27153fa1165eb,5,1081,10811081108110811081
638,62dbf9762dd27153fa1165a4,4,131,131131131131
638,62dbf9762dd27153fa116550,5,1287,12871287128712871287
638,62dbf9762dd27153fa116598,1,885,885
638,62dbf9762dd27153fa1165d6,2,1145,11451145
638,62dbf9762dd27153fa116561,4,808,808808808808
639,62dbf9762dd27153fa11654f,1,644,644
639,62dbf9762dd27153fa1165ac,3,1320,132013201320
639,62dbf9762dd27153fa1165dd,2,557,557557
640,62dbf9762dd27153fa116543,1,1593,1593
640,62dbf9762dd27153fa11655d,1,365,365
641,63019af0cfbe57f02aa468fb,2,275,275275
641,62dbf9762dd27153fa116546,2,651,651651
642,62dbf9762dd27153fa1165e5,3,329,329329329
642,62dbf9762dd27153fa116596,1,577,577
643,62dbf9762dd27153fa116598,3,885,885885885
643,62dbf9762dd27153fa1165cf,5,940,940940940940940
643,62fe9e991045919477a1bcd0,4,1959,1959195919591959
643,62dbf9762dd27153fa11659d,3,863,863863863
643,62dbf9762dd27153fa1165ea,5,436,436436436436436
644,62dbf9762dd27153fa116549,2,681,681681
645,62dbf9762dd27153fa11658e,1,406,406
645,62dbf9762dd27153fa116586,2,357,357357
645,62dbf9762dd27153fa116580,1,1927,1927
646,62dbf9762dd27153fa116597,1,823,823
647,62dbf9762dd27153fa11658f,2,1169,11691169
647,62dbf9762dd27153fa116582,4,1592,1592159215921592
648,62dbf9762dd27153fa11653e,2,1847,18471847
649,62dbf9762dd27153fa1165c6,2,419,419419
649,62dbf9762dd27153fa116580,2,1927,19271927
649,63019af0cfbe57f02aa468f0,1,1148,1148
650,62dbf9762dd27153fa11654d,1,1009,1009
651,62dbf9762dd27153fa1165a6,4,784,784784784784
651,62dbf9762dd27153fa116542,1,1882,1882
651,62dbf9762dd27153fa11653e,1,1847,1847
651,62dbf9762dd27153fa116593,5,593,593593593593593
651,62dbf9762dd27153fa1165c9,5,882,882882882882882
652,62dbf9762dd27153fa1165e8,5,726,726726726726726
652,63019af0cfbe57f02aa468f3,4,1019,1019101910191019
652,62dbf9762dd27153fa11655b,4,925,925925925925
653,62dbf9762dd27153fa116552,5,255,255255255255255
653,62dbf9762dd27153fa1165f1,5,737,737737737737737
653,63019af0cfbe57f02aa468fd,5,1583,15831583158315831583
654,62dbf9762dd27153fa1165e3,1,905,905
655,62dbf9762dd27153fa11654e,4,446,446446446446
655,62dbf9762dd27153fa116596,3,577,577577577
656,62dbf9762dd27153fa116551,4,1236,1236123612361236
656,63019af0cfbe57f02aa468f3,4,1019,1019101910191019
656,62dbf9762dd27153fa1165d3,5,1837,18371837183718371837
656,62dbf9762dd27153fa11658d,3,1588,158815881588
657,62dbf9762dd27153fa116545,1,561,561
657,62fe9e991045919477a1bcc7,5,1283,12831283128312831283
657,62dbf9762dd27153fa116568,1,599,599
657,62dbf9762dd27153fa1165e2,2,436,436436
657,63019af0cfbe57f02aa468f9,2,1508,15081508
658,62dbf9762dd27153fa11658c,1,371,371
658,62dbf9762dd27153fa11655c,5,1907,19071907190719071907
658,63019af0cfbe57f02aa468f7,2,1137,11371137
659,63019af0cfbe57f02aa468fc,5,1707,17071707170717071707
660,62dbf9762dd27153fa1165a4,3,131,131131131
661,62dbf9762dd27153fa1165b1,2,214,214214
661,62dbf9762dd27153fa116593,5,593,593593593593593
661,63019af0cfbe57f02aa468f8,1,888,888
661,62dbf9762dd27153fa116592,4,208,208208208208
661,62dbf9762dd27153fa116562,5,1689,16891689168916891689
662,62dbf9762dd27153fa11654d,5,1009,10091009100910091009
663,62dbf9762dd27153fa116562,1,1689,1689
663,62dbf9762dd27153fa1165df,4,774,774774774774
663,62dbf9762dd27153fa1165b2,5,403,403403403403403
664,62dbf9762dd27153fa116594,4,166,166166166166
664,62dbf9762dd27153fa1165bf,3,305,305305305
664,62fe9e991045919477a1bcc2,1,1560,1560
664,62dbf9762dd27153fa11654d,5,1009,10091009100910091009
665,62dbf9762dd27153fa116542,5,1882,18821882188218821882
665,62dbf9762dd27153fa1165a2,4,1687,1687168716871687
665,62dbf9762dd27153fa116550,2,1287,12871287
665,62dbf9762dd27153fa1165cd,2,1525,15251525
665,62dbf9762dd27153fa116560,1,910,910
666,62dbf9762dd27153fa11658e,3,406,406406406
666,62dbf9762dd27153fa116543,5,1593,15931593159315931593
667,62fe9e991045919477a1bcc5,3,830,830830830
667,62dbf9762dd27153fa1165df,2,774,774774
667,62dbf9762dd27153fa1165ad,2,359,359359
668,62dbf9762dd27153fa116595,5,1847,18471847184718471847
668,62dbf9762dd27153fa1165cb,1,414,414
668,62dbf9762dd27153fa1165b7,3,214,214214214
668,62dbf9762dd27153fa116558,5,606,606606606606606
668,62dbf9762dd27153fa11655b,3,925,925925925
669,62dbf9762dd27153fa1165de,1,497,497
669,62dbf9762dd27153fa116542,3,1882,188218821882
669,62dbf9762dd27153fa11658c,2,371,371371
670,62dbf9762dd27153fa1165d4,4,800,800800800800
671,62dbf9762dd27153fa1165d6,1,1145,1145
671,62dbf9762dd27153fa1165ca,1,1406,1406
671,62dbf9762dd27153fa116569,4,2002,2002200220022002
671,62dbf9762dd27153fa1165c6,3,419,419419419
672,62dbf9762dd27153fa116550,4,1287,1287128712871287
672,62dbf9762dd27153fa11655d,3,365,365365365
672,62fe9e991045919477a1bccc,5,848,848848848848848
672,62dbf9762dd27153fa11659d,4,863,863863863863
673,62dbf9762dd27153fa1165cc,3,1935,193519351935
673,62dbf9762dd27153fa1165e6,4,1956,1956195619561956
673,62fe9e991045919477a1bcce,4,694,694694694694
673,62dbf9762dd27153fa11657e,1,1121,1121
673,62dbf9762dd27153fa1165d0,1,943,943
674,63019af0cfbe57f02aa468f5,2,698,698698
674,62dbf9762dd27153fa116582,2,1592,15921592
674,62dbf9762dd27153fa1165bd,4,575,575575575575
675,62dbf9762dd27153fa1165b2,5,403,403403403403403
676,63019af0cfbe57f02aa468ff,1,1054,1054
676,62dbf9762dd27153fa1165a1,4,1175,1175117511751175
676,62dbf9762dd27153fa11657f,1,2069,2069
676,62fe9e991045919477a1bcce,1,694,694
677,62dbf9762dd27153fa116546,5,651,651651651651651
677,62dbf9762dd27153fa1165b4,5,1650,16501650165016501650
678,62dbf9762dd27153fa11659a,5,1212,12121212121212121212
678,62dbf9762dd27153fa1165c0,3,798,798798798
678,62dbf9762dd27153fa116545,5,561,561561561561561
679,62dbf9762dd27153fa116539,2,1963,19631963
679,62dbf9762dd27153fa116536,2,383,383383
679,62dbf9762dd27153fa116547,3,1552,155215521552
680,62dbf9762dd27153fa1165cc,3,1935,193519351935
681,62dbf9762dd27153fa116586,5,357,357357357357357
681,62dbf9762dd27153fa116581,3,78,787878
681,63019af0cfbe57f02aa468f0,1,1148,1148
681,62dbf9762dd27153fa116592,2,208,208208
682,62dbf9762dd27153fa116584,1,615,615
682,62dbf9762dd27153fa1165a0,3,786,786786786
682,62dbf9762dd27153fa1165a2,5,1687,16871687168716871687
682,62dbf9762dd27153fa1165c1,4,1405,1405140514051405
682,62dbf9762dd27153fa11655d,4,365,365365365365
683,62fe9e991045919477a1bcc6,5,1057,10571057105710571057
683,62dbf9762dd27153fa1165d5,3,1377,137713771377
684,62dbf9762dd27153fa1165d0,2,943,943943
684,62dbf9762dd27153fa1165aa,4,361,361361361361
684,62dbf9762dd27153fa1165ba,2,1968,19681968
684,62dbf9762dd27153fa116543,3,1593,159315931593
684,62dbf9762dd27153fa116540,5,621,621621621621621
685,62dbf9762dd27153fa1165ab,1,174,174
685,62dbf9762dd27153fa116553,2,273,273273
685,63019af0cfbe57f02aa468f8,2,888,888888
685,62dbf9762dd27153fa116588,4,945,945945945945
685,62dbf9762dd27153fa116545,3,561,561561561
686,62fe9e991045919477a1bccf,4,177,177177177177
687,62dbf9762dd27153fa11656c,2,1828,18281828
687,62dbf9762dd27153fa116586,5,357,357357357357357
687,62dbf9762dd27153fa116557,2,1517,15171517
688,62dbf9762dd27153fa1165d2,3,464,464464464
688,63019af0cfbe57f02aa468f6,1,1057,1057
689,62dbf9762dd27153fa116580,3,1927,192719271927
689,62dbf9762dd27153fa116552,5,255,255255255255255
689,62dbf9762dd27153fa116591,1,1625,1625
689,62dbf9762dd27153fa1165d3,2,1837,18371837
690,62dbf9762dd27153fa1165b4,3,1650,165016501650
690,62dbf9762dd27153fa1165b7,5,214,214214214214214
691,62dbf9762dd27153fa11656a,2,505,505505
691,63019af0cfbe57f02aa468fb,4,275,275275275275
691,62dbf9762dd27153fa116596,4,577,577577577577
691,62dbf9762dd27153fa1165e9,2,980,980980
691,62dbf9762dd27153fa1165e5,4,329,329329329329
692,62fe9e991045919477a1bcc1,4,552,552552552552
692,62dbf9762dd27153fa1165ef,4,1411,1411141114111411
693,63019af0cfbe57f02aa468f4,3,1528,152815281528
693,62dbf9762dd27153fa1165a6,4,784,784784784784
693,62dbf9762dd27153fa11654d,5,1009,10091009100910091009
694,62dbf9762dd27153fa1165aa,3,361,361361361
695,62dbf9762dd27153fa11653e,1,1847,1847
695,62dbf9762dd27153fa1165db,3,661,661661661
695,62dbf9762dd27153fa11655c,2,1907,19071907
695,62dbf9762dd27153fa1165ef,5,1411,14111411141114111411
696,62dbf9762dd27153fa1165c1,2,1405,14051405
697,62dbf9762dd27153fa116568,1,599,599
697,62fe9e991045919477a1bccc,4,848,848848848848
697,62dbf9762dd27153fa11655b,4,925,925925925925
697,62fe9e991045919477a1bcce,2,694,694694
697,62dbf9762dd27153fa11654f,3,644,644644644
698,62dbf9762dd27153fa1165c6,5,419,419419419419419
698,62dbf9762dd27153fa1165e2,2,436,436436
699,62dbf9762dd27153fa116584,2,615,615615
699,62dbf9762dd27153fa1165ba,2,1968,19681968
699,62dbf9762dd27153fa11659b,2,989,989989
699,62dbf9762dd27153fa116590,5,1984,19841984198419841984
699,62fe9e991045919477a1bccc,1,848,848
700,62dbf9762dd27153fa1165e8,4,726,726726726726
700,62fe9e991045919477a1bcc7,1,1283,1283
